name,score,comments,address,description
Residential Hotel Hare Kuromon,9.6,11条住客点评,"中央区, 大阪【南部地区】 – 显示在地图上","Residential Hotel Hare Kuromon is located in Osaka, in the Chuo Ward district."
Nipponbashi Hanna No.2 Hotel Apartment,,,"中央区, 大阪【南部地区】 – 显示在地图上","1.2 km from Glico Man Sign, Nipponbashi Hanna No."
Lore Hostel Dotonbori（道顿堀旅舍）,8.2,"2,993条住客点评","中央区, 大阪【难波】 – 显示在地图上",Lore Hostel Dotonbori旅舍距离Glico Man Sign广告牌有300米，位于大阪的Chuo...
Hotel Be-zen shimanouchi,7.8,14条住客点评,"中央区, 大阪【道顿堀】 – 显示在地图上",Hotel Be-zen shimanouchi酒店位于大阪，提供带空调和免费WiFi的客房，距离格力高广告牌（Glico Man Sign）有900米，距离难波城购物中心（Namba CITY...
The Dorm Hostel Osaka（大阪啡香书屋旅舍）,9.2,"2,455条住客点评","中央区, 大阪【心斋桥】 – 显示在地图上",THE DORM HOSTEL OSAKA旅舍位于大阪，距离Nagahoribashi Station车站有5分钟的步行路程，距离Shinsaibashi...
Osaka Hana Hostel（大阪花宿旅舍）,8.9,"1,262条住客点评","中央区, 大阪【心斋桥】 – 显示在地图上",Osaka Hana Hostel旅馆距离心斋桥火车站有2分钟的步行路程，提供带免费无线网络连接的私人客房和宿舍间。客人可以在休息室免费使用电脑并享用免费的咖啡/茶...
Dotonbori Hotel（道顿堀酒店）,8.7,504条住客点评,"中央区, 大阪【道顿堀】 – 显示在地图上",Dotonbori Hotel酒店距离难波地铁站（Namba Subway Station）仅有3分钟步行路程，提供带免费WiFi和平板电视的客房以及可免费使用的电脑、自行车和婴儿推车。 Hotel...
Bijou Suites Akari（比约明亮套房公寓）,9.2,69条住客点评,"中央区, 大阪【南部地区】 – 显示在地图上",Bijou Suites Akari公寓位于大阪（Osaka），提供免费WiFi，距离难波城（Namba CITY）购物中心600米。 部分公寓配有带洗碗机和微波炉的厨房。...
Apollo Couples Apartment at Namba（阿波罗情侣纳姆巴公寓）,9.0,100条住客点评,大阪【难波】 – 显示在地图上,Apollo Couples Apartment at Namba酒店距离难波车站（Namba...
Hotel Le Botejour Nanba,7.9,527条住客点评,"中央区, 大阪【难波】 – 显示在地图上",Hotel Le Botejour Annex酒店提供按摩服务和24小时服务的前台，距离难波地铁站（Namba Subway Station）有400米。客房内设有免费的有线网络、平面电视和连接浴室。...
RakutenSTAYHOSTEL Nambaminami（那木巴米娜米拉库塔斯酒店）,8.5,167条住客点评,大阪【南部地区】 – 显示在地图上,RakutenSTAYHOSTEL Nambaminami酒店位于大阪，距离新世界（Shinsekai）700米，提供带免费WiFi的客房。酒店靠近几个著名的景点，距离通天阁（Tsutenkaku...
Shinsaibashi-Higashi Crystal Hotel（心斋桥东水晶酒店）,8.3,349条住客点评,"中央区, 大阪【南部地区】 – 显示在地图上",Shinsaibashi-Higashi Crystal Hotel酒店位于大阪（Osaka），提供空调客房和免费WiFi，距离格力高广告牌（Glico Man...
HOTEL THE FLAG Shinsaibashi（心斋桥法拉格酒店 ）,9.3,977条住客点评,"中央区, 大阪【心斋桥】 – 显示在地图上",这家三星级的HOTEL THE FLAG Shinsaibashi酒店位于大阪（Osaka）市中心，距离道顿堀河（Dotonbori River）和惠比寿塔摩天轮（Ebisu Tower Ferris...
The Bridge Hotel Shinsaibashi（心斋桥大桥酒店）,8.7,763条住客点评,"中央区, 大阪【心斋桥】 – 显示在地图上",The Bridge Hotel Shinsaibashi酒店于2016年11月开业，是一家完全禁烟的酒店，位于大阪（Osaka），距离心斋桥站（Shinsaibashi...
Nisshin Namba Inn（日进南芭旅馆）,8.7,359条住客点评,大阪【难波】 – 显示在地图上,Nisshin Namba Inn宾馆距离大国町地铁站（Daikokucho Subway...
ルポゼ・島之内,,,"中央区, 大阪【道顿堀】 – 显示在地图上","Set 1 km from Glico Man Sign, ルポゼ・島之内 is located in Chuo Ward of Osaka."
Tanimachi LUXE HOTEL（谷町奢华酒店）,8.1,"1,118条住客点评",大阪【南部地区】 – 显示在地图上,Tanimachi LUXE HOTEL无烟酒店位于大阪市（Osaka），距离难波城（Namba CITY）购物中心1.1公里，距离格力高广告牌（Glico Man Sign）1.
Hotel WBF Namba Nippombashi（难波日本桥WBF酒店）,8.8,75条住客点评,"中央区, 大阪【南部地区】 – 显示在地图上",Hotel WBF Namba Nippombashi酒店位于大阪（Osaka）的中央区（Chuo Ward），距离难波城（Namba...
Kuromon Crystal Hotel（黑门水晶酒店）,8.7,217条住客点评,"中央区, 大阪【南部地区】 – 显示在地图上",Kuromon Crystal Hotel酒店位于大阪（Osaka），距离难波城（Namba CITY）购物中心700米，距离格力高广告牌（Glico Man...
Crest Court Nipponbashi（日本桥鹤立苑公寓）,8.2,79条住客点评,"中央区, 大阪【南部地区】 – 显示在地图上",Crest Court Nipponbashi酒店距离难波城购物中心有700米，提供免费WiFi。 所有公寓均提供设备齐全厨房、微波炉和水壶。 Crest Court...
Namba high class residence 13（难波高档住宅13号公寓 ）,8.7,30条住客点评,大阪【难波】 – 显示在地图上,Namba high class residence 13公寓位于大阪，距离难波城购物中心仅有600米，提供免费WiFi和城市景观，距离Glico Man...
Hearton Hotel Shinsaibashi Nagahoridouri（哈托恩心斋桥长崛通酒店）,8.7,378条住客点评,大阪【心斋桥】 – 显示在地图上,Hearton Hotel Shinsaibashi Nagahoridouri酒店位于大阪（Osaka），距离格力高广告牌（Glico Man Sign）900米，距离难波城（Namba...
Comfort Hotel Osaka Shinsaibashi（大阪心斋桥康福特酒店）,8.1,373条住客点评,"中央区, 大阪【心斋桥】 – 显示在地图上",Comfort Hotel Osaka Shinsaibashi经济型酒店距离心斋桥地铁站（Shinsaibashi Subway...
Designer Pent House Doutonbori East（彭特达顿波利东设计公寓）,9.1,40条住客点评,大阪【南部地区】 – 显示在地图上,Designer Pent House Doutonbori East公寓位于大阪南区天王寺（Tennoji）的Uehommachi区，距离Namba CITY购物中心1.
Hotel Oriental Express Osaka Shinsaibashi（大阪心斋桥东方快捷酒店）,8.8,46条住客点评,"中央区, 大阪【心斋桥】 – 显示在地图上",Hotel Oriental Express Osaka Shinsaibashi酒店位于大阪，距离Glico Man Sign广告牌有1.
Namba_KUROMON_KMR0005B,7.7,6条住客点评,"中央区, 大阪【难波】 – 显示在地图上",Namba_KUROMON_KMR0005B is a property set in Osaka near Namba CITY shopping mall. This apartment is...
Rela Shinsaibashi,9.4,8条住客点评,"中央区, 大阪【心斋桥】 – 显示在地图上",Just 700 metres from Glico Man Sign and 1.
Hotel Code Shinsaibashi（心斋桥柯德酒店 ）,8.3,"1,025条住客点评","中央区, 大阪【心斋桥】 – 显示在地图上",Hotel Code Shinsaibashi酒店于2017年3月开业，位于大阪（Osaka）市中心，地理位置便利，距离心斋桥（Shinsaibashi）和长堀桥（Nagahoribashi...
Namba_Kuromon_KMR0001B,7.9,6条住客点评,"中央区, 大阪【南部地区】 – 显示在地图上",Namba_Kuromon_KMR0001B公寓位于大阪（Osaka）的中央区（Chuo Ward），距离难波城（Namba CITY）购物中心1.
Hotel Felice Shinsaibashi By Relief（费利斯心斋桥颐养酒店）,9.2,51条住客点评,"中央区, 大阪【心斋桥】 – 显示在地图上",Hotel Felice Shinsaibashi By Relief经济型酒店提供位于大阪（Osaka）的住宿、餐厅、24小时前台、行李寄存处和免费WiFi，距离格力高广告牌（ Glico Man...
Bijou Suites Zero（比茹零套房旅馆）,8.1,106条住客点评,大阪【难波】 – 显示在地图上,Bijou Suites Zero公寓位于大阪（Osaka），距离难波城（Namba CITY）购物中心1.
Nishitetsu Inn Shinsaibashi（西铁心斋桥酒店）,8.0,487条住客点评,"中央区, 大阪【心斋桥】 – 显示在地图上",Nishitetsu Inn Shinsaibashi酒店距离心斋桥和四桥地铁站有3分钟的步行路程，提供带免费有线网络连接、液晶电视和私人浴室的空调房...
Koyakoya Apartment Kuromon Ichiba（黑门市场古屋古屋公寓民宿）,7.7,63条住客点评,"中央区, 大阪【南部地区】 – 显示在地图上",Koyakoya Apartment Kuromon Ichiba公寓位于大阪（Osaka），距离难波城（Namba CITY）购物中心1.
Nippombashi Crystal Hotel Ⅱ（日本桥水晶Ⅱ酒店）,8.4,283条住客点评,"中央区, 大阪【南部地区】 – 显示在地图上",Nippombashi Crystal Hotel Ⅱ酒店位于大阪，距离Glico Man...
Khaosan World Namba（考山世界难波旅舍）,8.4,"1,645条住客点评",大阪【难波】 – 显示在地图上,Khaosan World Namba Hostel旅舍位于大阪（Osaka），提供配有免费WiFi的舒适宿舍间，距离难波地铁站（Namba Subway Station）和大阪市航空港（Osaka...
midi HOTEL（迷迪酒店）,9.0,"2,101条住客点评",大阪【南部地区】 – 显示在地图上,midi HOTEL酒店于2017年3月开业，位于大阪（Osaka），距离Namba CITY购物商场1公里，提供客房。客人可以光顾酒店内的酒吧。酒店各处均覆盖免费WiFi，提供内部的私人停车场。...
Centrage Ark Shinsaibashi（心斋桥中心线方舟公寓）,9.6,57条住客点评,"中央区, 大阪【心斋桥】 – 显示在地图上",Centrage Ark Shinsaibashi公寓位于大阪（Osaka），距离格力高广告牌（Glico Man Sign）800米，距离难波城购物中心（Namba CITY shopping...
e-hostel Shinsaibashi（心斋桥电子旅馆）,8.7,746条住客点评,"中央区, 大阪【心斋桥】 – 显示在地图上",E-hostel Shinsaibashi旅馆于2017年9月开放，配有覆盖各处的免费WiFi，提供内部外卖咖啡。...
Floral Hotel Shinsaibasi（花筑·心斋桥酒店）,7.6,70条住客点评,"中央区, 大阪【南部地区】 – 显示在地图上",Floral Hotel Shinsaibasi酒店位于大阪（Osaka），距离格力高人像标志（Glico Man Sign）1公里，距离难波城购物中心（Namba...
New Japan Capsule Hotel Cabana (Male Only)（新日本胶囊小屋旅馆（仅限男性入住））,8.6,"1,514条住客点评","中央区, 大阪【难波】 – 显示在地图上",New Japan Capsule Hotel Cabana (men only)胶囊旅馆距离难波地铁站（Namba Subway...
Fraser Residence Nankai Osaka（大阪南海辉盛庭国际公寓）,9.0,203条住客点评,大阪【难波】 – 显示在地图上,Fraser Residence Nankai Osaka酒店距离Namba地铁站仅有3分钟的步行路程，提供带免费WiFi的一室公寓和公寓房，设有健身中心和桑拿浴室。 Fraser...
Hotel Ekichika Nagahoribashi（长堀桥车站附近酒店）,7.8,"2,376条住客点评","中央区, 大阪【心斋桥】 – 显示在地图上",Hotel Ekichika Nagahoribashi酒店位于大阪，交通便利，距离长堀桥站（Nagahoribashi...
S-Dotonbori Hotel Namba（那霸土遁酒店）,9.2,34条住客点评,"中央区, 大阪【道顿堀】 – 显示在地图上",S-Dotonbori Hotel Namba公寓位于大阪（Osaka），距离Glico Man Sign广告牌300米，提供免费WiFi和公寓。...
Namba_KUROMON_KMR0007B,,,"中央区, 大阪【难波】 – 显示在地图上","Featuring a hot tub, Namba_KUROMON_KMR0007B is located in Osaka."
Olfea Residence Namba（难波奥尔发公寓 ）,9.1,518条住客点评,大阪【南部地区】 – 显示在地图上,Olfea Residence Namba公寓于2017年经过翻修，提供免费WiFi，距离大国町站（Daikokucho Station）仅有5分钟步行路程，距离JR今宫站（JR Imamiya...
Shinsaibashi 8ppl（心斋桥8ppl公寓）,8.7,6条住客点评,"中央区, 大阪【心斋桥】 – 显示在地图上",Shinsaibashi 8ppl公寓位于大阪（Osaka），距离Glico Man Sign广告牌1.5公里，提供配有阳台和免费WiFi的空调公寓，距离Namba CITY购物商场2.
APA Hotel Namba-Shinsaibashi（APA难波心斋桥酒店）,7.8,"1,764条住客点评","中央区, 大阪【道顿堀】 – 显示在地图上",APA Hotel Namba Shinsaibashi酒店距离御堂筋线（Midosuji Line）的难波火车站（Namba Train...
Traveller Namba,9.3,11条住客点评,大阪【难波】 – 显示在地图上,Traveler Namba民宿位于大阪，提供免费WiFi以及带厨房的客房。 所有客房均配有空调、平板电视、微波炉和水壶。 民宿距离难波城购物中心（Namba...
PLEIA Hotel（普利亚酒店）,8.8,315条住客点评,大阪【南部地区】 – 显示在地图上,PLEIA Hotel酒店位于大阪（Osaka），距离通天阁（Tsutenkaku）1.4公里，距离新世界（Shinsekai）1.4公里，距离难波城（Namba CITY）购物中心1.
Daiwa Roynet Hotel Osaka-Uehonmachi（大阪上本町大和ROYNET酒店）,8.7,982条住客点评,大阪【南部地区】 – 显示在地图上,Daiwa Roynet Hotel Osaka-Uehonmachi酒店距离大阪上本町火车站（Osaka-Uehonmachi Train...
APA Hotel Namba-Eki Higashi（难波站东APA酒店）,8.2,"5,460条住客点评","中央区, 大阪【难波】 – 显示在地图上",APA Hotel Namba-Eki Higashi酒店于2017年4月开业，距离受欢迎的购物和用餐场所道顿崛心斋桥购物区（Dotonbori and Shinsaibashi Shopping...
Sarasa Hotel Shinsaibashi（心斋桥印花布酒店）,8.7,"2,072条住客点评","中央区, 大阪【心斋桥】 – 显示在地图上",Sarasa Hotel Shinsaibashi酒店位于大阪（Osaka），距离格力高人形广告牌（Glico Man Sign）和难波城（Namba CITY）购物中心不到1.
Quintessa Hotel Osaka Shinsaibashi（大阪心斋桥金塔大酒店）,8.2,"1,075条住客点评","中央区, 大阪【心斋桥】 – 显示在地图上",Quintessa Hotel Osaka Shinsaibashi酒店位于大阪（Glico Man Sign），提供免费WiFi，距离格力高广告牌（Glico Man...
Kuromon Hotel Apartment（黑门酒店公寓）,8.4,25条住客点评,"中央区, 大阪【南部地区】 – 显示在地图上",Kuromon Hotel Apartment公寓位于大阪，毗邻难波城（Namba CITY）购物中心和格力高人形广告牌（Glico Man Sign），提供可使用热水浴池的住宿以及免费WiFi。...
Apartment in Osaka SI47（大阪NSI47公寓）,7.6,5条住客点评,"中央区, 大阪【道顿堀】 – 显示在地图上",Apartment In Nishishinsaibashi NSI47公寓位于大阪（Osaka），距离格力高广告牌（Glico Man Sign）300米，距离难波城（Namba...
Grandouce Dotonbori（天鹅道頓堀公寓）,7.6,796条住客点评,"中央区, 大阪【道顿堀】 – 显示在地图上",Grandouce Dotonbori公寓位于大阪（Osaka），距离格力高人像标志（Glico Man Sign）有700米，距离Kuromon Ichiba...
Namba next to Kuromon AP42（难波黑门AP42旁公寓）,8.4,30条住客点评,大阪【南部地区】 – 显示在地图上,Namba next to Kuromon AP42公寓位于大阪（Osaka），距离难波城（Namba CITY）购物中心有500米，距离格力高广告牌（Glico Man...
Namba Shinsaibashi high class C7（难波心斋桥高级C7公寓）,8.3,19条住客点评,"中央区, 大阪【心斋桥】 – 显示在地图上",Namba Shinsaibashi high class C7公寓位于大阪（Osaka），距离格力高人形牌（Glico Man Sign）有400米，距离难波城购物中心（Namba CITY...
Shinsaibashi crystal apartment（心斋桥水晶公寓）,9.4,34条住客点评,"中央区, 大阪【心斋桥】 – 显示在地图上",Shinsaibashi crystal apartment公寓位于大阪（Osaka），距离格力高人像标志（Glico Man Sign）不到800米，提供平板电视、厨房和免费WiFi。...
East Apartment（伊斯塔公寓）,7.8,22条住客点评,"中央区, 大阪【道顿堀】 – 显示在地图上","Set less than 1 km from Glico Man Sign, East Apartment features free WiFi."
★NAMBA★1min WALK DOTONBORI PRIVATE 4Beds WIFI 6PPL★,7.2,6条住客点评,"中央区, 大阪【道顿堀】 – 显示在地图上","★NAMBA★1min WALK DOTONBORI PRIVATE 4Beds WIFI 6PPL★ in Osaka features accommodation with free WiFi,..."
Holiday Inn Osaka Namba（大阪难波假日酒店）,8.4,"1,717条住客点评","中央区, 大阪【道顿堀】 – 显示在地图上",Holiday Inn Osaka Namba酒店距离道顿堀市（Dotonbori）中心有1分钟步行路程，提供带免费WiFi的舒适客房、按摩服务以及通宵餐厅，距离难波站（Namba...
BEST WESTERN Hotel Fino Osaka Shinsaibashi（大阪心斋桥贝斯特韦斯特菲诺酒店）,8.0,724条住客点评,"中央区, 大阪【心斋桥】 – 显示在地图上",Best Western Fino酒店距离心斋桥站（Shinsaibashi Station）有6分钟步行路程，距离大阪城（Osaka...
Welina Hotel Dotonbori（道顿堀韦连娜酒店）,8.1,279条住客点评,"中央区, 大阪【道顿堀】 – 显示在地图上",Welina Hotel Dotonbori酒店位于大阪，提供三星级住宿，距离格力高广告牌（Glico Man Sign）600米，距离难波城购物中心（Namba CITY shopping...
Very Hotel Dotonbori（道顿堀非凡公寓式酒店）,8.3,286条住客点评,"中央区, 大阪【道顿堀】 – 显示在地图上",Very Hotel Dotonbori酒店位于大阪，距离Glico Man Sign广告牌有700米，距离难波城购物中心800米，提供带免费WiFi、平板电视和厨房的住宿。...
Sotetsu Fresa Inn Osaka Shinsaibashi（大阪心斋桥相铁弗雷萨酒店）,,,"中央区, 大阪【心斋桥】 – 显示在地图上",Sotetsu Fresa Inn Osaka Shinsaibashi酒店位于大阪（Osaka），提供带免费WiFi的空调客房。酒店坐落在中央区（Chuo...
Heart of Shinsaibashi Apartment（心斋桥中心公寓）,9.0,146条住客点评,"中央区, 大阪【心斋桥】 – 显示在地图上",Heart of Shinsaibashi Apartment公寓位于大阪，提供免费WiFi和厨房。 所有公寓均提供休息区、平板电视、带免费洗浴用品、浴缸、坐浴盆和淋浴的私人浴室、烤箱以及水壶。...
Doutonbori Crystal Hotel,8.7,27条住客点评,"中央区, 大阪【道顿堀】 – 显示在地图上",Doutonbori Crystal Hotel酒店位于大阪（Osaka），提供共用休息室，距离格力高人像标志（Glico Man Sign）不到1公里，距离难波城（Namba...
TG house（TG之家公寓）,8.1,17条住客点评,大阪【南部地区】 – 显示在地图上,TG house公寓位于大阪（Osaka），距离四天王寺（Shitennoji）1.
Konjaku-So Dotonbori Penthouse Stay（今昔土盾阁楼公寓）,9.2,10条住客点评,"中央区, 大阪【道顿堀】 – 显示在地图上",Konjaku-So Dotonbori Penthouse Stay度假屋位于大阪（Osaka），提供带阳台的空调客房和免费WiFi。 度假屋配有客厅、平板电视以及带免费洗浴用品和坐浴盆的浴室。...
Crystal Apartment（水晶公寓）,8.3,147条住客点评,"中央区, 大阪【南部地区】 – 显示在地图上",Crystal Apartment公寓位于大阪（Osaka），提供厨房和免费WiFi。 设施齐全的私人浴室提供浴缸和免费洗浴用品。 公寓距离格力高人像标志（Glico Man...
OOKINI Ryokan and Apartment（奥奇尼日式旅馆公寓）,9.1,357条住客点评,"中央区, 大阪【心斋桥】 – 显示在地图上",OOKINI Ryokan and Apartment公寓位于大阪（Osaka），提供免费WiFi，距离格力高人像标志（Glico Man Sign）不到1.
HOTEL RELIEF Namba Daikokuchou（难波大国町瑞利弗酒店）,8.1,656条住客点评,大阪【难波】 – 显示在地图上,HOTEL RELIEF Namba Daikokuchou酒店位于大阪市（Osaka），经过全面翻新后于2014年7月重新开业，提供免费WiFi。...
Osaka Nanba Rakuraku Hotel（大阪难波拉库拉克公寓）,8.2,39条住客点评,大阪【南部地区】 – 显示在地图上,Osaka Nanba Rakuraku Hotel公寓位于大阪市（Osaka）四桥区心（Yotsubashi）的难波（Namba）心斋桥（Shinsaibashi），距离JR今宫站（JR...
Dotonbori Sixteen Apartment（道顿堀16公寓）,6.5,48条住客点评,"中央区, 大阪【心斋桥】 – 显示在地图上",Dotonbori Sixteen Apartment公寓位于大阪（Osaka），距离格力高人形标志（Glico Man Sign）有700米，距离难波城购物中心（Namba CITY...
Hotel IL Cuore Namba（难波伊尔克欧瑞酒店）,8.3,"1,660条住客点评",大阪【难波】 – 显示在地图上,Hotel IL Cuore Namba酒店距离难波（Namba）地铁站仅有2分钟步行路程，提供带私人浴室和液晶电视的现代化客房。酒店供应自助早餐，并在大堂设有可供客人免费使用的互联网站...
OOKINI HOTELS Nipponbashi Apartment（日本桥奥基尼公寓）,9.0,557条住客点评,"中央区, 大阪【南部地区】 – 显示在地图上",OOKINI HOTELS Nipponbashi Apartment公寓距离格力高人形标志牌（Glico Man Sign）有500米，提供阳台和免费WiFi。...
T3 Apartment in Nipponbashi（日本桥T3公寓）,8.3,6条住客点评,"中央区, 大阪【南部地区】 – 显示在地图上",T3 Apartment in Nipponbashi是一间自助式公寓，位于大阪（Osaka），靠近难波城（Namba CITY）购物中心，为客人提供免费WiFi。...
Grandouce Casa-Comoda（格兰多斯科莫达公寓）,8.3,137条住客点评,大阪【难波】 – 显示在地图上,Grandouce Casa-Comoda公寓位于大阪（Osaka），距离难波城（Namba CITY）购物中心600米，距离通天阁（Tsutenkaku）有13分钟步行路程，提供免费WiFi。...
Swissotel Nankai Osaka（大阪瑞士南海酒店）,8.8,"3,835条住客点评","中央区, 大阪【难波】 – 显示在地图上",Swissôtel Nankai Osaka酒店位于大阪市（Osaka）的娱乐和购物区中心，提供奢华的五星级客房和套房、清新的室内游泳池、spa、覆盖各处的免费WiFi和7个餐饮场所...
Sarasa Hotel Namba（难波萨拉萨经济型酒店）,8.5,"1,997条住客点评",大阪【难波】 – 显示在地图上,Sarasa Hotel Nipponbashi经济型酒店距离大阪（Osaka）的Namba...
Centrage Ark Ueshio（上汐中央方舟公寓）,8.2,241条住客点评,大阪【南部地区】 – 显示在地图上,Centrage Ark Ueshio公寓距离谷町九丁目地铁站（Tanimachi 9-chome Subway Station）有5分钟步行路程，配有空调，距离Namba CITY购物商场1.
pokapokahotel（博卡博卡酒店）,,,"中央区, 大阪【南部地区】 – 显示在地图上",Pokapokahotel公寓位于大阪。公寓提供免费Wi-Fi，距离四天王寺（Shitennoji）有20分钟的步行路程。 公寓配有1间卧室、带微波炉和烤面包机的小厨房，以及带坐浴盆和淋浴的浴室。...
Ark Hotel Osaka Shinsaibashi（大阪心斋桥方舟酒店（原大阪方舟酒店））,7.6,"1,692条住客点评","中央区, 大阪【心斋桥】 – 显示在地图上",Ark Hotel Osaka Shinsaibashi酒店距离心斋桥（Shinsaibashi）购物区仅有5分钟步行路程，设有1间餐厅和1间茶室，提供带免费有线网络连接和私人浴室的客房...
Hotel Kanade Osaka Shinsaibashi（大阪心斋桥奏酒店）,8.0,445条住客点评,"中央区, 大阪【心斋桥】 – 显示在地图上",Hotel Kanade Osaka Shinsaibashii酒店地理位置便利，位于大阪（Osaka）市中心，距离心斋桥站（Shinsaibashi...
Namba Oriental Hotel（难波东方大酒店）,8.4,"2,163条住客点评","中央区, 大阪【难波】 – 显示在地图上",Namba Oriental Hotel酒店坐落在大阪（Osaka）的娱乐、用餐和购物区中心，距离南海本线（Nankai Line）的难波地铁站（Namba Subway...
Rozy Hotel Namba（难波罗兹酒店）,8.3,618条住客点评,大阪【难波】 – 显示在地图上,Rozy Hotel Namba酒店位于大阪，距离难波城（Namba CITY）购物中心不到800米，距离格力高人形广告牌（Glico Man...
Central Namba V4（难波中央V4旅馆）,,,大阪【难波】 – 显示在地图上,"Situated in the Shinsaibashi, Namba, Yotsubashi district in Osaka, Central Namba V4 features an..."
Namba_KUROMON_KMR0006B,,,"中央区, 大阪【难波】 – 显示在地图上",Namba_KUROMON_KMR0006B公寓位于大阪，距离难波城购物中心700米，距离格力高广告牌（Glico Man Sign）1.
PineBrook Daikokucho（大国町松之溪公寓）,7.5,22条住客点评,大阪【南部地区】 – 显示在地图上,PineBrook Daikokucho公寓位于大阪，提供带免费WiFi的住宿，距离通天阁（Tsutenkaku）有1.3公里，距离新世界（Shinsekai）有1.
Wafu Ryokan Uehonmachi（和风旅馆 上本町）,7.6,237条住客点评,大阪【南部地区】 – 显示在地图上,Wafu Ryokan Uehonmachi旅馆位于大阪市（Osaka），距离四天王寺（Shitennoji）有12分钟步行路程，提供花园以及带免费WiFi的客房，距离难波城（Namba...
Hotel Alps（阿尔卑斯情趣酒店）,8.6,611条住客点评,"中央区, 大阪【难波】 – 显示在地图上",Hotel Alps情趣酒店距离难波站（Namba Station）有5分钟步行路程，设有24小时前台，提供内部的免费停车场，各处均覆盖免费WiFi。 情趣酒店距离Namba City...
Cube Uemachidai（立方体上町台公寓）,8.8,129条住客点评,大阪【南部地区】 – 显示在地图上,Cube Uemachidai日式旅馆位于大阪，距离四天王寺（Shitennoji）1.3公里，距离阿倍野鲁卡斯（Abeno Harukas）1.8公里，距离通天阁（Tsutenkaku）2.
HOTEL UNIZO Osaka Shinsaibashi（大阪心斋桥由尼森酒店）,8.5,498条住客点评,"中央区, 大阪【心斋桥】 – 显示在地图上",HOTEL UNIZO Osaka Shinsaibashi酒店位于大阪（Osaka）的中央区（Chuo Ward），距离最近的车站——心斋桥站（Shinsaibashi...
Jakotel Apartment Namba（难波雅科特尔公寓）,7.8,133条住客点评,"中央区, 大阪【南部地区】 – 显示在地图上",Jakotel Apartment Namba公寓位于大阪（Osaka）的中央区（Chuo Ward），距离难波城（Namba CITY）购物中心有1.
Apartment in Nipponbashi 602（Ostay Apartment in Nipponbashi 602）,,,"中央区, 大阪【南部地区】 – 显示在地图上",Apartment in Nipponbashi 602公寓位于大阪（Osaka），距离Namba CITY购物商场700米，提供公寓，距离Glico Man Sign广告牌800米。...
Hotel July（七月酒店）,8.3,193条住客点评,"中央区, 大阪【南部地区】 – 显示在地图上",Hotel July酒店坐落在大阪（Osaka），距离难波城购物中心（Namba CITY）700米，距离格力高广告牌（Glico Man Sign）800米，提供共用休息室、24小时前台和共用厨房。...
Cross Hotel Osaka（大阪十字酒店）,8.8,"3,126条住客点评","中央区, 大阪【道顿堀】 – 显示在地图上",由米其林指南推荐的Cross Hotel Osaka酒店距离道顿堀（Dotonbori）地区仅有1分钟步行路程，距离难波地铁站（Namba Subway...
Hotel Monterey Grasmere Osaka（大阪蒙特利格拉斯米尔酒店）,8.4,"3,505条住客点评",大阪【难波】 – 显示在地图上,Hotel Monterey Grasmere Osaka酒店直接与JR难波火车站（JR Namba Train...
Base Osaka（大阪贝斯公寓）,8.8,25条住客点评,大阪【南部地区】 – 显示在地图上,Base Osaka公寓所处位置便利，距离今宫站仅有3分钟步行路程，距离大国町站有5分钟步行路程，提供带免费WiFi和平板电视的住宿。...
Dotonbori Fine & Large Room M,8.5,6条住客点评,"中央区, 大阪【南部地区】 – 显示在地图上","Set 1.2 km from Namba CITY shopping mall in Osaka, Dotonbori Fine & Large Room M offers..."
Kamon Hotel Namba（难波嘉门酒店）,9.1,730条住客点评,"中央区, 大阪【难波】 – 显示在地图上",Kamon Hotel Namba酒店距离日本桥站（Nippombashi Station）仅有1分钟的步行路程，提供覆盖各处的免费WiFi和免费行李寄存服务。...
HOTEL LANDMARK NAMBA402（地标难波402公寓式酒店）,8.2,6条住客点评,大阪【难波】 – 显示在地图上,HOTEL LANDMARK NAMBA402公寓位于大阪，享有城市景观，提供带厨房的住宿和免费WiFi。 所有公寓均配有私人浴室、空调、平板电视和冰箱，还提供冰箱、炉灶和水壶。...
HOTEL LANDMARK NAMBA502（地标难波502公寓式酒店）,9.0,10条住客点评,大阪【难波】 – 显示在地图上,HOTEL LANDMARK NAMBA502公寓式酒店位于大阪府（Osaka Prefecture region）的大阪市（Osaka），提供带免费WiFi的公寓。...
Namba_Daikoku_DAR0005B,7.9,5条住客点评,大阪【南部地区】 – 显示在地图上,"Set 1.6 km from Tsutenkaku, Namba_Daikoku_DAR0005B is situated in Shinsaibashi, Namba, Yotsubashi of..."
TEIOH Nishi shinsaibashi（TEIOH西心斋桥公寓酒店 ）,8.4,21条住客点评,"中央区, 大阪【道顿堀】 – 显示在地图上",Minpaku No Teio Nishishinsaibashi酒店位于大阪市（Osaka），距离难波地铁站（Namba Subway...
HOTEL LANDMARK NAMBA401（地标难波401公寓式酒店）,8.8,10条住客点评,大阪【难波】 – 显示在地图上,"Situated in Osaka, 1.4 km from Namba CITY shopping mall, HOTEL LANDMARK NAMBA401 offers..."
HOTEL LAND MARK NAMBA101（难波101地标公寓式酒店）,9.5,8条住客点评,大阪【难波】 – 显示在地图上,HOTEL LAND MARK NAMBA101公寓式酒店位于大阪（Osaka），距离难波城购物中心不到1.
Hotel Landmark Namba102（难波兰德马克102公寓式酒店）,9.2,11条住客点评,大阪【难波】 – 显示在地图上,Hotel Landmark Namba102公寓式酒店距离大阪（Osaka）的难波城购物中心（Namba CITY shopping mall）不到1.
Seiki n Lica Studio Apartment Osaka（大阪精莉卡一室公寓）,7.7,167条住客点评,大阪【心斋桥】 – 显示在地图上,这间公寓位于大阪（Osaka）的堀江（Horie），配有露台，距离Glico Man Sign有600米。咖啡馆、餐馆和便利店与公寓位于同一栋大楼内。Seiki n Lica Studio...
Ogu's apartment（噩公寓）,9.3,75条住客点评,"中央区, 大阪【南部地区】 – 显示在地图上",这套空调公寓位于大阪（Osaka），距离Shinsaibashisuji购物街和Dotonbori均有10分钟步行路程，距离Kuromon...
HOTEL LANDMARK NAMBA 201,9.7,6条住客点评,大阪【难波】 – 显示在地图上,HOTEL LANDMARK NAMBA 201公寓位于大阪（Osaka），距离难波城购物中心（Namba CITY shopping mall）1.4公里，距离通天阁（Tsutenkaku）1.
HOTEL LANDMARK NAMBA501（地标难波501公寓式酒店）,,,大阪【难波】 – 显示在地图上,HOTEL LANDMARK NAMBA501公寓式酒店位于大阪（Osaka），享有市景，提供免费WiFi。 住宿提供平板电视、私人浴室、带微波炉的设备齐全的厨房、冰箱以及水壶。...
HOTEL LANDMARK NAMBA 301,9.9,6条住客点评,大阪【难波】 – 显示在地图上,HOTEL LANDMARK NAMBA 301公寓式酒店位于大阪（Osaka），提供带免费WiFi的公寓。 公寓配有平板电视、带浴缸、坐浴盆和吹风机的私人浴室、带微波炉和冰箱的厨房以及炉灶和水壶。...
AR Shinsaibashi Apartment,,,"中央区, 大阪【心斋桥】 – 显示在地图上",AR Shinsaibashi Apartment is located in Osaka.
Le Clos,,,"中央区, 大阪【心斋桥】 – 显示在地图上","Set in Osaka in the Osaka Prefecture region, with Glico Man Sign and Namba CITY shopping mall..."
AR Kuromon Apartment,,,"中央区, 大阪【南部地区】 – 显示在地图上",Situated within 1.2 km of Namba CITY shopping mall and 1.
#13 Amenity 402,,,"中央区, 大阪【南部地区】 – 显示在地图上","In the Chuo Ward district of Osaka, close to Glico Man Sign, ＃13 アメニティ402 features free WiFi and a..."
Kumamon House,8.6,13条住客点评,大阪【难波】 – 显示在地图上,"Located in Osaka, 1.1 km from Glico Man Sign and 1."
IP City Hotel Osaka,,,"中央区, 大阪【心斋桥】 – 显示在地图上","Offering free WiFi, IP City Hotel Osaka is situated in Osaka, within 1.2 km of Glico Man Sign."
Chuan house Shinsaibashi (Gracia Hotel),,,"中央区, 大阪【心斋桥】 – 显示在地图上","Set 1.1 km from Glico Man Sign, 1.7 km from Namba CITY shopping mall and 2."
MINAMIYA,,,大阪【难波】 – 显示在地图上,"Complete with a terrace, MINAMIYA is situated in Osaka, 1.3 km from Namba CITY shopping mall and 1."
Bijou Suites Bldk,8.6,21条住客点评,大阪【南部地区】 – 显示在地图上,Bijou Suites Bldk公寓位于大阪，距离难波城购物中心不到1.
Hotel WBF Namba Kuromon,,,"中央区, 大阪【南部地区】 – 显示在地图上",Hotel WBF Namba Kuromon酒店位于大阪（Osaka），提供带免费WiFi的住宿，距离难波城（Namba CITY）购物中心1.
Chateau Dotonbori,,,"中央区, 大阪【南部地区】 – 显示在地图上","Chateau Dotonbori is a property with a terrace set in Osaka, within just 1."
KUROMON Apartment,,,"中央区, 大阪【南部地区】 – 显示在地图上",KUROMON Apartment is located in Osaka. This property is 1.
Shinsaibashi House 15,,,"中央区, 大阪【心斋桥】 – 显示在地图上","Situated 1.5 km from Glico Man Sign, 2.1 km from Namba CITY shopping mall and 2."
OSAKA BAYSTAGE,,,"中央区, 大阪【道顿堀】 – 显示在地图上","Featuring air-conditioned accommodation with a balcony, OSAKA BAYSTAGE is situated in Osaka."
Dormy Inn Premium Namba ANNEX Natural Hot Spring（多美迎PREMIUM难波ANNEX酒店）,8.6,5条住客点评,"中央区, 大阪【南部地区】 – 显示在地图上",Dormy Inn Premium Namba ANNEX Natural Hot Spring酒店位于大阪府地区的大阪，距离Glico Man Sign广告牌有1.
EARTHMANS Amemura,8.4,14条住客点评,"中央区, 大阪【心斋桥】 – 显示在地图上",EARTHMANS Amemura公寓式酒店位于大阪（Osaka），距离格力高人像标志（Glico Man Sign） 600米，提供露台以及带免费WiFi的客房和公寓。...
White Hostel Shinsaibashi（心斋桥白色旅舍）,8.9,184条住客点评,"中央区, 大阪【心斋桥】 – 显示在地图上",White Hostel Shinsaibashi旅舍位于大阪（Osaka），提供免费WiFi和露台，距离格力高人像标志（Glico Man Sign）不到1公里，距离难波城（Namba...
Azu Garden Nippombashi,6.5,13条住客点评,"中央区, 大阪【道顿堀】 – 显示在地图上",Azu Garden Nippombashi酒店位于大阪府（Osaka Prefecture）地区的大阪市，距离格力高广告牌（Glico Man Sign）800米，距离难波城（Namba...
Amore Matsuyamachi apartment（爱茉莉松屋公寓）,8.2,47条住客点评,"中央区, 大阪【南部地区】 – 显示在地图上",Amore Matsuyamachi公寓位于大阪（Osaka），享有城市景观，距离Glico Man Sign有1.4公里，距离难波城（Namba CITY）购物中心1.
Hotel Yuki Nipponbashi（日本桥友希公寓）,7.3,95条住客点评,大阪【南部地区】 – 显示在地图上,Hotel Yuki Nipponbashi公寓位于大阪（Osaka），距离难波城购物中心（Namba CITY）500米，距离格力高人标志（Glico Man Sign）900米，提供免费WiFi。...
Capsule Hotel Astil Dotonbori（阿斯蒂尔道顿堀胶囊旅馆）,9.0,"3,561条住客点评","中央区, 大阪【道顿堀】 – 显示在地图上",Capsul Hotel Astil Dotonbori胶囊旅馆距离难波站（Namba Station）和大阪难波站（Osaka-Namba...
Arrow Hotel（阿罗酒店）,7.6,83条住客点评,"中央区, 大阪【道顿堀】 – 显示在地图上",Arrow Hotel酒店位于大阪，距离Glico Man Sign广告牌不到400米，距离难波城购物中心1公里，提供带免费WiFi的住宿。这家三星级酒店提供24小时服务的前台，拥有一间餐厅...
Usagi House 4F,,,大阪【难波】 – 显示在地图上,"Usagi House 4F is an accommodation located in Osaka, less than 1 km from Namba CITY shopping mall..."
Namba_Dotonbori_DOR0044B,9.1,5条住客点评,"中央区, 大阪【道顿堀】 – 显示在地图上","Well set in Chuo Ward of Osaka, Namba_Dotonbori_DOR0044B features a terrace."
Mr. Dohtonbori Apartment,8.0,14条住客点评,"中央区, 大阪【道顿堀】 – 显示在地图上","Set in Osaka, Mr. Dohtonbori Apartment offers accommodation with free WiFi, within 1 km of Glico Man..."
First Cabin Midosuji Namba（难波御堂筋头等舱旅馆）,8.5,771条住客点评,"中央区, 大阪【难波】 – 显示在地图上",First Cabin Midosuji 酒店提供带26英寸液晶电视、帘门和共用浴室的紧凑型胶囊式客房，可直接连接到Namba Subway Station 地铁的13号出口。酒店设有一个spa...
大阪之家难波心斋桥日本桥4室1厅,,,"中央区, 大阪【南部地区】 – 显示在地图上","大阪之家难波心斋桥日本桥4室1厅 is situated in the Chuo Ward district of Osaka, 2.5 km from Glico Man Sign and 2."
Rakuten STAY HOSTEL Art cafe＆bar OSAKA Shinsaibashi（大阪心斋桥乐天旅舍兼艺术咖啡厅＆酒吧）,8.9,190条住客点评,"中央区, 大阪【心斋桥】 – 显示在地图上",Rakuten STAY HOSTEL Art cafe＆bar OSAKA Shinsaibashi旅馆位于大阪，距离Glico Man Sign广告牌不到1.
STAY in the City AMEMURA（STAY in the City AMEMURA ）,8.6,52条住客点评,"中央区, 大阪【心斋桥】 – 显示在地图上",STAY in the City AMEMURA旅馆位于大阪（Osaka）的中央（Chuo Ward）区，距离格力高广告牌（Glico Man Sign）有400米，距离Namba...
Kisho 2nd Floor,9.8,5条住客点评,大阪【南部地区】 – 显示在地图上,"Kisho 2nd Floor enjoys a location in Osaka, just 800 metres from Namba CITY shopping mall and 1."
Weekly Green In Namba（每周绿色难波酒店）,8.2,"1,115条住客点评",大阪【南部地区】 – 显示在地图上,Weekly Green In Namba公寓式酒店位于大阪市（Osaka）中心，距离大国町地铁站（Daikokucho Subway...
Konjaku-So Dotonbori Garden SPA Stay,,,"中央区, 大阪【道顿堀】 – 显示在地图上",Konjaku-So Dotonbori Garden SPA Stay度假屋位于大阪（Osaka），提供花园、露台、免费WiFi、spa浴缸和热水浴池。...
Bancourt Namba（班克难波旅馆）,7.3,16条住客点评,大阪【难波】 – 显示在地图上,"Set in Osaka, 800 metres from Namba CITY shopping mall, Bancourt Namba provides accommodation with..."
Reck Namba Hosting,,,大阪【难波】 – 显示在地图上,"Located in Osaka, 500 metres from Namba CITY shopping mall, Reck Namba Hosting offers accommodation..."
5 min Dotonbori Apartment(0-4),,,"中央区, 大阪【南部地区】 – 显示在地图上","Situated in the Chuo Ward district of Osaka, just less than 1 km from Glico Man Sign, 5 min..."
Bijou Suites KOKORO（百优甜心套房公寓）,9.0,33条住客点评,大阪【难波】 – 显示在地图上,"Bijou Suites KOKORO in Osaka offers accommodation with free WiFi, less than 1 km from Namba CITY..."
Namba Dotombori Cozy apartment（难波道顿堀舒适公寓）,6.8,37条住客点评,"中央区, 大阪【南部地区】 – 显示在地图上",Namba Dotombori Cozy apartment公寓位于大阪（Osaka），靠近格力高人像标志（Glico Man Sign） 和难波城（Namba...
Samty Nipponbashi Apartment（桑迪日本桥公寓）,7.9,39条住客点评,"中央区, 大阪【南部地区】 – 显示在地图上",Samty Nipponbashi Apartment公寓位于大阪（Osaka），距离难波城（Namba CITY）购物中心1.5公里，距离格力高广告牌（Glico Man Sign）1.
Hostel Namba Takumi（难波塔库米旅馆）,8.6,469条住客点评,"中央区, 大阪【难波】 – 显示在地图上",Hostel Namba Takumi旅馆位于大阪的中央区（Chuo Ward），距离难波城购物中心80米，距离Glico Man Sign广告牌有1.3公里，距离通天阁（Tsutenkaku）有2.
Earthmans Dotombori,7.1,19条住客点评,"中央区, 大阪【南部地区】 – 显示在地图上",Earthmans Dotombori酒店位于大阪（Osaka），配有共用休息室和酒吧，距离格力高人形广告牌（Glico Man...
a-STYLE SHINSAIBASHI (Female Only)（a-STYLE心斋桥（女性专用）胶囊旅馆）,8.9,"1,671条住客点评","中央区, 大阪【心斋桥】 – 显示在地图上",a-STYLE SHINSAIBASHI（Female Only）胶囊旅馆位于大阪（Osaka），距离Glico Man Sign广告牌800米，距离心斋桥站（Shinsaibashi...
Osaka Daebakine House（大阪戴巴基尼议院旅馆）,6.9,65条住客点评,"中央区, 大阪【道顿堀】 – 显示在地图上",Osaka Daebakine House酒店位于大阪，距离Glico Man Sign广告牌不到1公里，距离难波城购物中心有18分钟步行路程，提供免费自行车和一间酒吧，享有市景。...
Super Hotel Namba Nipponbashi（难波日本桥超级酒店）,8.9,543条住客点评,"中央区, 大阪【难波】 – 显示在地图上",Super Hotel Namba Nipponbashi经济型酒店距离近铁日本桥站（Kintetsu Nipponbashi...
Le club de plage（俱乐部普拉格旅馆）,7.5,36条住客点评,大阪【难波】 – 显示在地图上,Le club de plage自助式公寓位于大阪（Osaka），靠近难波城购物中心（Namba CITY shopping...
Ryota's Room（松岛亮太公寓）,8.8,8条住客点评,"中央区, 大阪【南部地区】 – 显示在地图上",Ryota's Room公寓位于大阪，距离难波城（Namba CITY）购物中心不到1公里，提供带免费WiFi的空调住宿和露台。...
Hotel Green Hights 202 (0-17),7.3,8条住客点评,"中央区, 大阪【难波】 – 显示在地图上","Hotel Green Hights 202 (0-17) enjoys a location in Osaka, just 700 metres from Namba CITY shopping..."
Sunplaza Shinanouchi126 Hotel Apartment,,,"中央区, 大阪【道顿堀】 – 显示在地图上","Set in the Chuo Ward district of Osaka, just 1."
FORESTAY Shinsaibashi（FORESTAY心斋桥公寓）,9.2,8条住客点评,大阪【南部地区】 – 显示在地图上,FORESTAY Shinsaibashi公寓距离格力高人像标志（Glico Man Sign）700米，提供阳台和免费WiFi。...
Asahi Plaza Shinsaibashi Hotel Apartment,,,"中央区, 大阪【道顿堀】 – 显示在地图上","Asahi Plaza Shinsaibashi Hotel Apartment in Osaka provides accommodation with free WiFi, 500 metres..."
Y's CABIN Osaka Namba（大阪难波智者小屋胶囊旅馆）,8.8,738条住客点评,"中央区, 大阪【难波】 – 显示在地图上",Y's CABIN Osaka Namba胶囊旅馆位于大阪（Osaka）热闹的难波（Namba）地区，距离难波站（Namba...
Apartment VR Namba Kuromon KMR0041,,,"中央区, 大阪【难波】 – 显示在地图上","Located in Osaka, 700 metres from Namba CITY shopping mall, Apartment VR Namba Kuromon KMR0041..."
LUXE Namba East Hotel Apartment,8.2,5条住客点评,"中央区, 大阪【南部地区】 – 显示在地图上","LUXE Namba East Hotel Apartment is situated in Osaka, 1.5 km from Namba CITY shopping mall, 1."
Hostel Rakutsuki（洛月旅馆）,9.2,"1,409条住客点评","中央区, 大阪【南部地区】 – 显示在地图上",Hostel Rakutsuki旅馆位于大阪的难波区，距离日本桥站（Nipponbashi Station）有3分钟的步行路程。Nankai Main Line线的难波站（Namba...
Hotel Green Hights 503 (0-16),,,"中央区, 大阪【难波】 – 显示在地图上","Set in Osaka, 500 metres from Namba CITY shopping mall and 1."
Asuka Hotel Apartment（明日香酒店公寓）,5.8,36条住客点评,"中央区, 大阪【难波】 – 显示在地图上",Asuka Hotel Apartment公寓位于大阪（Osaka），距离Glico Man Sign广告牌400米，距离Namba...
2mins!! to Namba Shinsaibashi WIFI（11ー18),,,"中央区, 大阪【心斋桥】 – 显示在地图上",2mins!! to Namba Shinsaibashi WIFI（11ー18)公寓位于大阪（Osaka），距离格力高广告牌（Glico Man Sign）1.
1min away Namba station + Wi-Fi!!,7.3,5条住客点评,大阪【难波】 – 显示在地图上,"Set 700 metres from Glico Man Sign in Osaka, 1min away Namba station + Wi-Fi!!"
Namba_Namba_NBR0041B,,,大阪【难波】 – 显示在地图上,"Namba_Namba_NBR0041B enjoys a location in Osaka, just 1.1 km from Namba CITY shopping mall and 1."
Candeo Hotels Osaka Namba（大阪难波光芒酒店）,8.2,633条住客点评,"中央区, 大阪【道顿堀】 – 显示在地图上",Candeo Hotels Osaka Namba酒店于2017年7月15日开业，位于大阪，距离格力高广告牌（Glico Man...
nid NAMBA at RIch Heim,9.4,5条住客点评,"中央区, 大阪【南部地区】 – 显示在地图上","Situated in Osaka, nid NAMBA at RIch Heim features city views and free WiFi, 1 km from Glico Man..."
Hotel Ichiei（一荣酒店）,8.4,448条住客点评,大阪【难波】 – 显示在地图上,Hotel Ichiei酒店位于大阪（Osaka）市中心，与御堂筋线（Midosuji...
Capsule&Spa Grand Sauna Shinsaibashi（斋桥格兰德桑拿胶囊旅馆）,8.3,"1,158条住客点评","中央区, 大阪【道顿堀】 – 显示在地图上",Capsule Hotel Grand Sauna Shinsaibashi胶囊旅馆距离难波站有5分钟的步行路程，距离位于御堂筋线（Midosuji...
Hotel Kikuei（凯奇酒店）,6.8,8条住客点评,大阪【难波】 – 显示在地图上,Hotel Kikuei酒店距离难波（Namba）站有5分钟的步行距离，其实惠的客房设有免费有线网络连接。酒店提供投币式洗衣设施和饮料自动售货机。...
Nipponbashi Apartment,7.0,135条住客点评,"中央区, 大阪【道顿堀】 – 显示在地图上",Nipponbashi Apartment公寓位于大阪（Osaka），距离格力高广告牌（Glico Man Sign）有700米，提供免费WiFi。...
Hotel One Love (Adult Only)（一爱情趣酒店（仅限成人））,6.6,141条住客点评,大阪【南部地区】 – 显示在地图上,Hotel One Love (Adult Only)情趣酒店位于大阪（Osaka），提供带空调的客房，距离四天王寺（Shitennoji）1.
Crystal Apartment,6.9,14条住客点评,"中央区, 大阪【南部地区】 – 显示在地图上","Located in Osaka, within 1 km of Glico Man Sign, Crystal Apartment offers accommodation with air..."
LINOWA STAY Namba Higashi（难波东林诺瓦公寓）,,,"中央区, 大阪【南部地区】 – 显示在地图上","LINOWA STAY Namba Higashi offers accommodation in Osaka, 1."
glamlodge（格莱姆拉吉旅馆）,9.4,165条住客点评,大阪【难波】 – 显示在地图上,Glamlodge旅馆位于大阪（Osaka），距离难波城（Namba...
Namba Daikoku Hotel Apartment（难波大国酒店公寓）,,,大阪【南部地区】 – 显示在地图上,"Situated in Osaka, Namba Daikoku Hotel Apartment provides free WiFi, 1.2 km from Tsutenkaku and 1."
Hotel Hu Namba (Adult Only)（胡难波情趣酒店（仅限成人））,6.0,9条住客点评,大阪【难波】 – 显示在地图上,"Hotel Hu Namba (Adult Only) is located in Osaka, in the Shinsaibashi, Namba, Yotsubashi district."
难波樱川,,,"中央区, 大阪【难波】 – 显示在地图上","Complete with a terrace and a bar, 难波樱川 is situated in Osaka, 1.4 km from Glico Man Sign and 1."
Nipponabshi Hotel(206-3）,,,大阪【南部地区】 – 显示在地图上,"Situated in Osaka, 700 metres from Namba CITY shopping mall and 1."
Sakura Apartemnt 0-13（樱花0-13公寓度假屋）,6.5,15条住客点评,"中央区, 大阪【南部地区】 – 显示在地图上","Sakura Apartemnt 0-13 is situated in the Chuo Ward district of Osaka, 1."
Rakuten STAY HOSTEL Art cafe＆Female only / Vacation STAY 1895,8.7,23条住客点评,"中央区, 大阪【心斋桥】 – 显示在地图上",Rakuten STAY HOSTEL Art cafe＆Female only / Vacation STAY 1895酒店位于大阪（Osaka）的中央区（Chuo...
NANBA EAST Desiners Apertment（难波东设计师公寓 ）,9.4,20条住客点评,大阪【南部地区】 – 显示在地图上,NANBA EAST Desiners Apertment公寓位于大阪（Osaka），距离难波城（Namba CITY）购物中心1公里，距离格力高广告牌（Glico Man...
Oasis Daikoku,,,大阪【南部地区】 – 显示在地图上,"Oasis Daikoku, a property with a terrace, is located in Osaka, 1.3 km from Tsutenkaku, 1."
Namba_Dotonbori_DOR0062B,,,"中央区, 大阪【南部地区】 – 显示在地图上",Namba_Dotonbori_DOR0062B is located in Osaka and offers a terrace.
HG Cozy Hotel No.26,7.8,5条住客点评,大阪【南部地区】 – 显示在地图上,"Located 1.4 km from Shitennoji in Osaka, HG Cozy Hotel No."
Beautiful Gran Garden (206-4),,,"中央区, 大阪【心斋桥】 – 显示在地图上",Set 1.7 km from Glico Man Sign and 2.
Onyado Nono Namba Natural Hot Spring（御宿野乃难波天然温泉酒店）,8.8,"1,000条住客点评","中央区, 大阪【南部地区】 – 显示在地图上",Onyado Nono Namba Natural Hot Spring酒店位置便利，方便客人游览热门的景点，包括Dotonbori - 著名的Glico标识和难波城（Nanba...
Sweet Room Nagahoribashi House（长堀桥甜蜜之家公寓）,7.5,14条住客点评,"中央区, 大阪【心斋桥】 – 显示在地图上",Sweet Room Nagahoribashi House公寓位于大阪（Osaka）的中央区（Chuo Ward district），提供免费自行车和免费WiFi，距离格力高广告牌（Glico...
Sakurano Yado,,,大阪【难波】 – 显示在地图上,"Situated less than 1 km from Namba CITY shopping mall, Sakurano Yado is set in Shinsaibashi, Namba,..."
Hotel Soleil Namba(69-12),,,"中央区, 大阪【南部地区】 – 显示在地图上",Hotel Soleil Namba(69-12) is a property set in Osaka near Namba CITY shopping mall.
The Premium Aqua,,,大阪【南部地区】 – 显示在地图上,"The Premium Aqua in Osaka features accommodation with free WiFi, 1.4 km from Tsutenkaku and 1."
Apartment in Osaka 4012,,,大阪【南部地区】 – 显示在地图上,"Apartment in Osaka 4012 offers accommodation in Osaka, less than 1 km from Tsutenkaku and a..."
Fantastic Modern house (0-15),,,"中央区, 大阪【南部地区】 – 显示在地图上","Boasting a terrace, Fantastic Modern house (0-15) is well set in Chuo Ward of Osaka, 1 km from Glico..."
Namba Apartment（难波公寓 ）,7.7,104条住客点评,大阪【难波】 – 显示在地图上,Namba Apartment公寓位于大阪（Osaka），距离难波城（Namba CITY）购物中心400米，距离格力高广告牌（Glico Man Sign）500米，提供免费WiFi。...
Yuki Mansion Gracias Namba South 502（裕贵格拉西亚斯难波南502公寓）,9.0,17条住客点评,大阪【南部地区】 – 显示在地图上,"Situated in the Shinsaibashi, Namba, Yotsubashi district of Osaka, just less than 1 km from..."
Namba Room 202,,,大阪【难波】 – 显示在地图上,"Set less than 1 km from Glico Man Sign, a 12-minute walk from Namba CITY shopping mall and 3 km from..."
Dormy Inn Premium Namba Natural Hot Spring（多美迎PREMIUM难波酒店）,8.3,832条住客点评,"中央区, 大阪【南部地区】 – 显示在地图上",Dormy Inn Premium Namba Natural Hot Spring旅馆距离日本桥火车站（Nihonbashi Train...
Namba_Shimanouchi_SMR0009B,,,"中央区, 大阪【南部地区】 – 显示在地图上","In the Chuo Ward district of Osaka, close to Glico Man Sign, Namba_Shimanouchi_SMR0009B features..."
Sheraton Miyako Hotel Osaka（大阪都喜来登酒店）,8.3,"1,028条住客点评",大阪【南部地区】 – 显示在地图上,Sheraton Miyako Hotel Osaka酒店距离大阪上本町火车站（Osaka Uehonmachi Train...
Business Hotel Nissei（日星商务旅馆）,7.3,"1,037条住客点评","中央区, 大阪【难波】 – 显示在地图上",Business Hotel Nissei酒店距离热闹的道顿堀街（Dotonbori）有7分钟步行路程，距离难波火车站（Namba Train...
HOTEL It's ON（易茨安酒店）,9.1,5条住客点评,"中央区, 大阪【心斋桥】 – 显示在地图上",HOTEL It's ON酒店位于大阪（Osaka），提供空调客房，距离格力高人像标志（Glico Man Sign）1.6公里，距离难波城（Namba CITY）购物中心2.
Namba_Dotonbori_DOR0065B,,,"中央区, 大阪【南部地区】 – 显示在地图上","Namba_Dotonbori_DOR0065B offers accommodation in Osaka, 1.3 km from Namba CITY shopping mall and 1."
Usagi House 15-12,,,大阪【南部地区】 – 显示在地图上,Usagi House 15-12 is located in Osaka and offers a terrace. The air-conditioned accommodation is 1.
Bancourt Namba Ⅱ,,,大阪【难波】 – 显示在地图上,"Located 800 metres from Namba CITY shopping mall and less than 1 km from Glico Man Sign, Bancourt..."
Ekuserento Hotel Apartment,,,"中央区, 大阪【南部地区】 – 显示在地图上","Located in Osaka, Ekuserento Hotel Apartment provides accommodation within 1."
Apartment Namba Daikoku,7.6,30条住客点评,大阪【难波】 – 显示在地图上,Apartment W＆K公寓位于大阪（Osaka）四桥（Yotsubashi）的心斋桥（Shinsaibashi），距离难波城（Namba CITY）购物中心1.
Namba_Dotonbori_DOR0057B,,,"中央区, 大阪【南部地区】 – 显示在地图上","Located 1.3 km from Namba CITY shopping mall in Osaka, Namba_Dotonbori_DOR0057B offers accommodation..."
Dormy Inn Shinsaibashi Hot Spring（多美迎心斋桥酒店）,7.6,814条住客点评,"中央区, 大阪【南部地区】 – 显示在地图上",Dormy Inn Shinsaibashi Hot Spring经济型酒店距离四桥地铁站（Yotsubashi Subway...
Iloha Hostel Namba Shinsaibashi（难波心斋桥ABC旅舍）,9.0,832条住客点评,"中央区, 大阪【心斋桥】 – 显示在地图上",Iloha Hostel Namba Shinsaibashi旅舍于2017年开业，距离心斋桥地铁站（Shinsaibashi Subway...
Hotel Soleil Namba （69-8）,,,"中央区, 大阪【南部地区】 – 显示在地图上","Set 600 metres from Namba CITY shopping mall, Hotel Soleil Namba （69-8） is located in Chuo Ward of..."
Namba_Daikoku_DAR0023B,8.5,5条住客点评,大阪【南部地区】 – 显示在地图上,"Namba_Daikoku_DAR0023B公寓位于大阪（Osaka）的心斋桥、难波和四桥区（Shinsaibashi, Namba, Yotsubashi），距离通天阁（Tsutenkaku）1."
OOKINI HOTELS Ota-Road Apartment,,,大阪【南部地区】 – 显示在地图上,OOKINI HOTELS Ota-Road Apartment公寓位于大阪，距离难波城购物中心（Namba CITY shopping mall）不到500米，距离格力高人形广告牌（Glico...
Apollo Couples Apartment at Namba 2（纳姆巴2号阿波罗情侣公寓）,8.9,82条住客点评,大阪【难波】 – 显示在地图上,Apollo Couples Apartment at Namba 2公寓是一套自助式公寓，地理位置优越，距离Namba Train...
SJ Apartment Shinsaibashi（心斋桥SJ公寓）,7.4,28条住客点评,"中央区, 大阪【心斋桥】 – 显示在地图上",SJ Apartment Shinsaibashi公寓位于大阪，距离格力高曼标志（Glico Man Sign）不到400米，提供带电视和厨房的住宿以及免费WiFi。 客房配有微波炉和水壶。...
OSAKA BLUE HOUSE,,,"中央区, 大阪【南部地区】 – 显示在地图上","Located less than 1 km from Glico Man Sign in Osaka, OSAKA BLUE HOUSE offers accommodation with a..."
New Japan Lady’s Capsule Hotel (Female Only)（新日本女士胶囊酒店（女性专用））,8.9,34条住客点评,"中央区, 大阪【道顿堀】 – 显示在地图上",New Japan Lady’s Capsule Hotel (Female Only)胶囊酒店位于大阪（Osaka）的中央区（Chuo...
New Osaka Hotel Shinsaibashi（新大阪心斋桥酒店）,8.3,310条住客点评,"中央区, 大阪【心斋桥】 – 显示在地图上",New Osaka Hotel酒店位于大阪（Osaka）市中心，距离心斋桥站（Shinsaibashi Station）有2分钟步行路程，提供餐厅、酒吧以及带免费无线网络连接的客房。 New...
Namba_Kuromon_KMR0016B,7.5,7条住客点评,大阪【南部地区】 – 显示在地图上,"Featuring a terrace, Namba_Kuromon_KMR0016B is attractively located in Shinsaibashi, Namba,..."
Hotel Green（格林酒店）,7.0,76条住客点评,大阪【南部地区】 – 显示在地图上,Hotel Green酒店位于大阪，坐落在大阪南部天王寺区（Tennoji）的上本町（Uehommachi），距离四天王寺（Shitennoji）约有1.
Karaksa Hotel Osaka Namba（大阪难波卡拉克萨酒店）,8.9,"1,244条住客点评","中央区, 大阪【道顿堀】 – 显示在地图上",Karaksa Hotel Osaka Namba酒店于2017年11月开业，交通便利，距离难波地铁站（Namba Subway Station）有5分钟步行路程，距离JR难波站（JR Namba...
Yuki Mansion Gracias Namba South 503（难波南由纪感谢502公寓）,8.9,9条住客点评,大阪【南部地区】 – 显示在地图上,Yuki Mansion Gracias Namba South 503 is a property set in Osaka near Tsutenkaku.
Namba_Kuromon_KMR0040B,,,"中央区, 大阪【南部地区】 – 显示在地图上","Located 1.2 km from Namba CITY shopping mall, Namba_Kuromon_KMR0040B is set in Chuo Ward of Osaka."
Namba_Namba_NBR0010B,8.3,5条住客点评,大阪【难波】 – 显示在地图上,"Namba_Namba_NBR0010B, a property with a terrace, is situated in Osaka, less than 1 km from Namba..."
Mlilife Shinsaibashi Residence,,,"中央区, 大阪【南部地区】 – 显示在地图上",Mlilife Shinsaibashi Residence公寓式酒店距离大阪（Osaka）的难波城（Namba CITY）购物中心有1.
Yuki Mansion Gracias Namba South 501（裕贵格拉西亚斯难波南501公寓）,7.9,8条住客点评,大阪【南部地区】 – 显示在地图上,Gracias Namba 501公寓位于大阪（Osaka），距离大拐町地铁站（Daikokucho Subway...
Business Inn Sennichimae Hotel（千日前商务酒店）,6.9,458条住客点评,"中央区, 大阪【难波】 – 显示在地图上",Business Inn Sennichimae Hotel酒店位于大阪市（Osaka），距离格力高人形招牌（Glico Man Sign）300米，提供免费WiFi。 酒店提供共用休息室。...
IKIDANE HOUSE なんばみなみ,,,大阪【南部地区】 – 显示在地图上,"Set 1.5 km from Tsutenkaku, IKIDANE HOUSE なんばみなみ provides accommodation in Osaka."
Konitel Namba（难波科奈泰尔公寓）,7.1,11条住客点评,大阪【心斋桥】 – 显示在地图上,Konitel Namba公寓距离格力高广告牌（Glico Man Sign）有800米，距离难波城（Namba CITY）购物中心有1.
nid NAMBA Station House,7.7,16条住客点评,大阪【难波】 – 显示在地图上,"Located in Osaka, 800 metres from Namba CITY shopping mall, nid NAMBA Station House features rooms..."
HILLARYS Room（希拉里客房公寓）,6.5,14条住客点评,大阪【南部地区】 – 显示在地图上,HILLARYS Room公寓位于大阪（Osaka）的心斋桥（Shinsaibashi）、难波（Namba）、四桥（Yotsubashi）区，距离Namba...
Hotel Yu-shu（有秋酒店）,8.9,32条住客点评,"中央区, 大阪【南部地区】 – 显示在地图上",Hotel Yu-shu酒店位于大阪（Osaka），提供带空调和私人浴室的客房，距离格力高广告牌（Glico Man Sign）不到1公里，距离难波城购物中心（Namba CITY shopping...
SUNRISEHOUSE Apartment in Osaka KY-301,,,"中央区, 大阪【南部地区】 – 显示在地图上",SUNRISEHOUSE Apartment in Osaka KY-301 is a property set in Osaka near Namba CITY shopping mall.
Porutebonaru Hotel Apartment,,,"中央区, 大阪【南部地区】 – 显示在地图上","Boasting a hot tub, Porutebonaru Hotel Apartment is situated in Osaka."
Hotel Sunroute Osaka Namba（大阪难波太阳道大饭店）,8.4,997条住客点评,"中央区, 大阪【道顿堀】 – 显示在地图上",Hotel Sunroute Osaka Namba经济型酒店将于2016年4月开业，提供覆盖各处的免费WiFi和内部餐厅，距离近畿（Kintetsu）、Sakaisuji和千日前...
Hotel Sakura（樱花酒店）,8.4,824条住客点评,大阪【南部地区】 – 显示在地图上,Hotel Sakura酒店位于大阪市中心，距离Tanimachi Kyuchome地铁站和Kintetsu Line线的大阪上野町站（Osaka Uehonmachi...
Stay Osaka（大阪住宿旅馆）,9.1,161条住客点评,"中央区, 大阪【难波】 – 显示在地图上",Stay Osaka旅馆距离Nipponbahshi地铁站有不到2分钟的步行路程，提供共用休息室。附近的热门景点包括难波城（Namba...
Hotel Maganda (Adult Only)（马加达酒店（仅限成人））,7.0,100条住客点评,"中央区, 大阪【难波】 – 显示在地图上",Hotel Maganda（Adult Only）情趣酒店位于大阪，距离Glico Man Sign广告牌有1.2公里，提供空调客房。热水浴池可供客人使用。酒店距离难波城购物商场1.
Namba_Dotonbori_DOR0066B,,,"中央区, 大阪【南部地区】 – 显示在地图上","Set in Osaka, 1.3 km from Namba CITY shopping mall and 1."
Hotel Alexander Namba（难波亚历山大酒店）,8.6,497条住客点评,"中央区, 大阪【难波】 – 显示在地图上",Hotel Alexander Namba酒店于2017年9月开业，位置便利，距离难波地铁站（Namba Subway Station）仅有2分钟步行路程，提供免费WiFi和一间内部餐厅。...
Namba_Daikoku_DAR0004B,6.7,8条住客点评,大阪【南部地区】 – 显示在地图上,"Namba_Daikoku_DAR0004B in Osaka offers accommodation with free WiFi, 1."
Hearton Hotel Shinsaibashi（心斋桥哈顿酒店）,8.2,469条住客点评,"中央区, 大阪【心斋桥】 – 显示在地图上",Hearton Hotel酒店距离心斋桥地铁站（Shinsaibashi Subway Station）的7号出口仅有1分钟步行路程，毗邻美国村（America...
Hotel Kelly（凯利酒店）,6.5,184条住客点评,"中央区, 大阪【道顿堀】 – 显示在地图上",Hotel Kelly酒店位于大阪市（Osaka）中央区（Chuo Ward），提供空调客房，距离格力高人形广告牌（Glico Man Sign）有600米，距离难波城（Namba...
Apartment VR Namba DAR0029B,,,大阪【南部地区】 – 显示在地图上,"Apartment VR Namba DAR0029B enjoys a location in Osaka, just less than 1 km from Tsutenkaku and a..."
"FUJI inn 400 Apartment,Daikoku C（大国C富士旅馆400公寓）",7.7,7条住客点评,大阪【南部地区】 – 显示在地图上,FUJI inn 400 Apartment，Daikoku C公寓位于大阪，距离通天阁（Tsutenkaku）不到1.
Capsule Hotel Asahi Plaza Shinsaibashi（朝日广场心斋桥胶囊酒店）,7.9,870条住客点评,"中央区, 大阪【道顿堀】 – 显示在地图上",Capsule Hotel Asahi Plaza胶囊旅馆24小时提供热水公共浴池、桑拿浴室和按摩服务。胶囊旅馆距离四桥地铁站（Yotsubashi Metro...
CC504 Akizero Apartment in Shimanouchi（大阪水零公寓CC504号）,,,"中央区, 大阪【道顿堀】 – 显示在地图上","CC504 Akizero Apartment in Shimanouchi offers accommodation in Osaka, 1.1 km from Glico Man Sign."
CC Apartment in Naniwa 73,,,大阪【南部地区】 – 显示在地图上,"CC Apartment in Naniwa 73 is situated in the Shinsaibashi, Namba, Yotsubashi district of Osaka, less..."
HOTEL S-PRESSO -Namba-（S-PRESSO -难波-酒店）,7.8,138条住客点评,大阪【难波】 – 显示在地图上,HOTEL S-PRESSO -Namba-酒店位于大阪（Osaka），靠近通天阁（Tsutenkaku）和新世界（Shinsekai）等热门景点，距离难波城购物中心（Namba...
Feel Osaka Yu（感受大阪羽酒店）,9.7,40条住客点评,"中央区, 大阪【心斋桥】 – 显示在地图上",Feel Osaka Yu酒店于2018年开业，距离心斋桥站（Shinsaibashi...
Nerarel Hostel Namba（难波内拉瑞尔旅舍）,8.6,"1,337条住客点评",大阪【难波】 – 显示在地图上,Nerarel Hostel Namba旅舍位于大阪（Osaka），距离南海本线（Nankai Line）的难波站（Namba Train...
Namba_Dotonbori_DOR0060B,,,"中央区, 大阪【南部地区】 – 显示在地图上","Namba_Dotonbori_DOR0060B is located in the Chuo Ward district of Osaka, 1."
Red Roof Inn & Suites Osaka Namba Nipponbashi（大阪难波日本桥红屋顶套房酒店）,8.7,584条住客点评,"中央区, 大阪【难波】 – 显示在地图上",Red Roof Inn＆Suites Osaka Namba Nipponbashi酒店距离难波城购物中心有400米，提供位于大阪的空调客房。酒店建于2017年，距离Glico Man...
Namba_Dotonbori_DOR0063B,,,"中央区, 大阪【南部地区】 – 显示在地图上",Namba_Dotonbori_DOR0063B is a property set in Osaka near Namba CITY shopping mall.
Sauna & Capsule AMZA (mens only),,,"中央区, 大阪【难波】 – 显示在地图上",Sauna & Capsule AMZA (mens only) is offering accommodation in Osaka.
B&S Eco Cube Shinsaibashi（心斋桥生态立方体酒店）,7.8,"1,375条住客点评","中央区, 大阪【道顿堀】 – 显示在地图上",B&S Eco Cube Shinsaibashi胶囊旅馆提供配有电视的就寝胶囊和覆盖胶囊旅馆各处的免费WiFi，距离道顿堀（Dotonbori）有6分钟步行路程。 The...
アシアゲストハウス,,,"中央区, 大阪【道顿堀】 – 显示在地图上",アシアゲストハウス旅馆位于大阪（Osaka），距离格力高人形牌（Glico Man Sign）有不到1.1公里，距离难波城购物中心（Namba CITY）1.
Centurion Hotel CEN Osaka Namba,8.6,9条住客点评,大阪【难波】 – 显示在地图上,Centurion Hotel CEN Osaka Namba酒店位于大阪（Osaka），距离格力高广告牌（Glico Man Sign）不到1.1公里，距离难波城（Namba CITY）购物中心1.
Color Nipponbashi（彩色日本桥公寓）,7.5,37条住客点评,"中央区, 大阪【南部地区】 – 显示在地图上",Color Nipponbashi公寓位于大阪，提供空调住宿，距离难波城购物中心800米，距离格力高广告牌（Glico Man Sign）1.5公里，距离四天王寺（Shitennoji）1.
Namba_Shimanouchi_SMR0010B,,,"中央区, 大阪【心斋桥】 – 显示在地图上",Namba_Shimanouchi_SMR0010B公寓位于大阪（Osaka）的中央区（Chuo Ward），地理位置便利，配有露台，距离格力高广告牌（Glico Man Sign）1.
Grandouce Shinsaibashi-Nishi,,,大阪【南部地区】 – 显示在地图上,Grandouce Shinsaibashi-Nishi公寓提供位于大阪（Osaka）的住宿，距离格力高广告牌（Glico Man Sign）不到1公里，距离难波城购物中心（Namba CITY...
Abe Heights（安倍高地公寓）,,,"中央区, 大阪【心斋桥】 – 显示在地图上","Set 1.6 km from Glico Man Sign, Abe Heights offers free WiFi."
Namba Nipponbashi C2,,,大阪【南部地区】 – 显示在地图上,Namba Nipponbashi C2公寓位于大阪（Osaka）的四桥市（Yotsubashi）难波（Namba）地区的心斋桥（Shinsaibashi），距离难波城购物中心（Namba CITY...
Namba Hara apartment（难波哈拉公寓）,7.0,159条住客点评,大阪【难波】 – 显示在地图上,Namba Hara公寓位于大阪，提供一个阳光露台，距离JR难波站（JR Namba Station）有5分钟的步行路程，于公共区域提供免费WiFi，并提供免费便携式WiFi。...
道頓堀 徒歩10分!! 3LDK,,,"中央区, 大阪【南部地区】 – 显示在地图上","Situated in Osaka, 道頓堀 徒歩10分!! 3LDK provides a private pool. 道頓堀 徒歩10分!!"
CC204 Akizero Apartment in Shimanouchi（大阪秋零CC204号公寓）,,,"中央区, 大阪【道顿堀】 – 显示在地图上","Set in Osaka, less than 1 km from Glico Man Sign and a 19-minute walk from Namba CITY shopping mall,..."
123 Guesthouse（123旅馆）,7.9,182条住客点评,"中央区, 大阪【难波】 – 显示在地图上",123 Guesthouse旅馆位于大阪（Osaka），距离难波城购物中心（Namba CITY shopping mall）800米，提供共用休息室和免费WiFi等多种设施。旅馆位于中央区（Chuo...
Osaka - hotel / Vacation STAY 2626,,,大阪【南部地区】 – 显示在地图上,"Providing free WiFi, Osaka - hotel / Vacation STAY 2626 is situated in Osaka."
Ken's House（科恩之家宾馆）,8.4,310条住客点评,大阪【难波】 – 显示在地图上,Ken's House旅馆位于大阪（Osaka）的难波（Namba）区，距离Namba CITY购物商场300米，设有空调客房，各处均覆盖免费WiFi。前台提供行李寄存服务。...
Shinsaibashi Elegant Apartment（心斋桥典雅公寓）,8.8,40条住客点评,"中央区, 大阪【心斋桥】 – 显示在地图上",Shinsaibashi Elegant Apartment公寓位于大阪，距离格力高人形广告牌（Glico Man Sign）700米，距离心斋桥地铁站（Shinsaibashi Subway...
Namba_Dotonbori_DOR0061B,,,"中央区, 大阪【南部地区】 – 显示在地图上","Situated in Osaka, 1.4 km from Namba CITY shopping mall and 1."
Hotel Seven Star 87-1,,,"中央区, 大阪【南部地区】 – 显示在地图上",Located 1 km from Glico Man Sign and 1.
Dotombori Base（道顿堀基地旅舍）,8.4,205条住客点评,"中央区, 大阪【难波】 – 显示在地图上",Dotombori Base旅舍位于大阪（Osaka）的中央（Chuo Ward）区，距离Glico Man Sign有400米，距离难波城（Namba...
Hotel 88 Shinsaibashi（心斋桥88酒店）,9.1,360条住客点评,"中央区, 大阪【难波】 – 显示在地图上",Hotel 88 Shinsaibashi酒店距离大阪市航空总站（OCAT）有8分钟的步行路程，距离难波站（Namba Station）有12分钟的步行路程，距离格力高广告牌（Glico Man...
Shinsaibashi Family Room406,9.6,6条住客点评,"中央区, 大阪【道顿堀】 – 显示在地图上",Shinsaibashi Family Room406公寓位于大阪（Osaka），提供露台，距离格力高人像标志（Glico Man Sign）300米，距离难波城（Namba...
Kaneyoshi Ryokan（卡尼尤西旅馆）,8.7,160条住客点评,"中央区, 大阪【道顿堀】 – 显示在地图上",Kaneyoshi Ryokan旅馆距离日本桥（Nipponbashi）地铁站仅有3分钟步行路程，提供免费无线网络连接以及带榻榻米地板和日式棉床垫的传统日式客房。...
Fuku Hostel Namba（难波福宿旅舍）,8.8,682条住客点评,"中央区, 大阪【难波】 – 显示在地图上",Fuku Hostel旅舍位于大阪（Osaka）市中心，距离难波站（Namba Station）只有1分钟的步行路程，提供宿舍间、私人客房以及覆盖各处的免费WiFi。 Namba Fuku...
Zen Labo Osaka（大阪禅拉博旅馆）,8.2,"1,496条住客点评","中央区, 大阪【难波】 – 显示在地图上",Zen Labo Osaka旅馆位于大阪，距离格力高人形广告牌（Glico Man Sign）300米，距离难波城购物中心（Namba CITY）500米。...
Namba_Dotonbori_DOR0064B,,,"中央区, 大阪【南部地区】 – 显示在地图上","Located 1.3 km from Namba CITY shopping mall, Namba_Dotonbori_DOR0064B is situated in Chuo Ward of..."
5mins to Namba Dotonbori,,,大阪【难波】 – 显示在地图上,"Located less than 1 km from Namba CITY shopping mall, 5mins to Namba Dotonbori offers accommodation..."
NAMBA－HARVEST HOUSE,,,"中央区, 大阪【难波】 – 显示在地图上","Set in Osaka, 1.4 km from Glico Man Sign, NAMBA－HARVEST HOUSE provides accommodation with free WiFi."
CC206 Akizero Apartment in Shimanouchi（大阪秋零CC206号公寓）,,,"中央区, 大阪【道顿堀】 – 显示在地图上",Just less than 1 km from Glico Man Sign and a 19-minute walk from Namba CITY shopping mall and...
Hotel Asiato（阿西托酒店）,8.5,59条住客点评,"中央区, 大阪【南部地区】 – 显示在地图上",Hotel Asiato酒店位于大阪（Osaka），距离难波城购物中心（Namba CITY shopping mall）不到800米，距离格力高人形标志（Glico Man Sign）有1.
GuestHouse Sumicco（角落旅舍）,9.2,395条住客点评,"中央区, 大阪【南部地区】 – 显示在地图上",GuestHouse Sumicco旅舍位于大阪（Osaka），距离大坂上本町站（Osaka-Uehommachi Station）有4分钟步行路程，距离JR难波站（JR Namba...
Osaka Nanba Luxury Apartments N3（大阪难波N3奢华公寓）,,,"中央区, 大阪【南部地区】 – 显示在地图上",Osaka Nanba Luxury Apartments N3公寓位于大阪（Osaka），距离难波城（Namba CITY）购物中心700米，距离格力高广告牌（Glico Man...
Osaka Fujiya Hotel（大阪富士屋饭店）,7.7,402条住客点评,"中央区, 大阪【南部地区】 – 显示在地图上",Osaka Fujiya Hotel酒店位于大阪市（Osaka）中心，坐落在热闹的南区（Minami），距离日本桥地铁站（Nipponbashi Subway...
Harukiya,,,"中央区, 大阪【心斋桥】 – 显示在地图上",Harukiya度假屋享有花园景致，提供带花园和露台的住宿，距离格力高广告牌（Glico Man Sign）约1.
Usagi House 2F,,,大阪【难波】 – 显示在地图上,"Located in Osaka, just 1.4 km from Namba CITY shopping mall, Usagi House 2F features accommodation..."
Kelly's Dormitory（凯利的宿舍旅舍）,,,"中央区, 大阪【道顿堀】 – 显示在地图上",Kelly's Dormitory旅舍位于大阪（Osaka），提供免费WiFi。这家一星级旅舍的空调客房提供共用浴室。旅舍距离格力高广告牌（Glico Man...
Lumiere Higashi Shinsaibashi St27（东直门心斋桥卢米埃尔27号街公寓）,,,"中央区, 大阪【心斋桥】 – 显示在地图上","Set in Osaka, within less than 1 km of Glico Man Sign and an 18-minute walk of Namba CITY shopping..."
Crystal Hotel at Shinsaibashi(190-1),,,"中央区, 大阪【心斋桥】 – 显示在地图上","Set in Osaka, just 400 metres from Glico Man Sign, Crystal Hotel at Shinsaibashi(190-1) features..."
Apartment in Nippombashi N4,,,"中央区, 大阪【南部地区】 – 显示在地图上",Osaka Nanba Luxury Apartments N4公寓位于大阪（Osaka），距离难波城（Namba CITY）购物中心700米，距离格力高广告牌（Glico Man...
Namba_Namba_NBR0005B,,,大阪【难波】 – 显示在地图上,"Namba_Namba_NBR0005B offers accommodation in Osaka, less than 1 km from Namba CITY shopping mall and..."
Lumiere Yotsubashi Hotel Apartment,,,大阪【心斋桥】 – 显示在地图上,"Lumiere Yotsubashi Hotel Apartment is situated in the Shinsaibashi, Namba, Yotsubashi district of..."
Sunrise Hotel 306(206-1),,,"中央区, 大阪【心斋桥】 – 显示在地图上","Sunrise Hotel 306(206-1) offers accommodation in Osaka, 1.7 km from Glico Man Sign and 2."
Apartment in Kozu SD63（MSD63大阪公寓）,,,"中央区, 大阪【南部地区】 – 显示在地图上",Osaka Namba Modern Style Apartment MSD63公寓位于大阪，距离大阪城（Osaka Castle）1.6公里，距离格力高广告牌（Glico Man Sign）1.
Shin Nippombashi（新日本桥公寓）,9.0,73条住客点评,"中央区, 大阪【南部地区】 – 显示在地图上",Shin Nippombashi旅馆位于大阪府（Osaka Prefecture）大阪市，提供带免费WiFi的住宿和热水浴池。 每间客房均配有空调、平板电视、洗衣机、水壶和厨房，拥有市景阳台。...
CC Apartment in Naniwa 0001（浪花0001号CC公寓）,6.3,5条住客点评,大阪【南部地区】 – 显示在地图上,CC Apartment in Naniwa 0001公寓位于大阪（Osaka），距离难波城（Namba CITY）购物中心600米，距离格力高广告牌（Glico Man...
HOTEL MYSTAYS Shinsaibashi（MYSTAYS 心斋桥酒店）,8.3,878条住客点评,"中央区, 大阪【心斋桥】 – 显示在地图上",Hotel MyStays Shinsaibashi酒店位于楠巴（Namba）区，距离心斋桥地铁站（Shinsaibashi Subway...
OOKINI HOTELS Shinsaibashi Sennencho Apartment（OOKINI酒店心斋桥森塞巴施公寓）,8.9,63条住客点评,"中央区, 大阪【心斋桥】 – 显示在地图上",OOKINI HOTELS Shinsaibashi Sennencho Apartment公寓位于大阪（Osaka）的中央区（Chuo Ward），距离格力高广告牌（Glico Man...
Namba_Daikoku_DOR0026B,,,大阪【南部地区】 – 显示在地图上,Namba_Daikoku_DOR0026B is a property situated in Osaka near Tsutenkaku. Guests may enjoy free WiFi.
Vessel Inn Shinsaibashi（心斋桥船舶酒店）,8.7,687条住客点评,"中央区, 大阪【心斋桥】 – 显示在地图上",Vessel Inn Shinsaibashi酒店交通便利，位于心斋桥站前面（Shinsaibashi Station），提供覆盖各处的免费WiFi、24小时前台和行李寄存处。...
Hotel JNGN,,,大阪【难波】 – 显示在地图上,"Situated less than 1 km from Namba CITY shopping mall and a 14-minute walk from Glico Man Sign,..."
Hotel Villa Fontaine Osaka-Shinsaibashi（大阪心斋桥芬迪别墅酒店）,8.2,858条住客点评,"中央区, 大阪【心斋桥】 – 显示在地图上",Hotel Villa Fontaine Osaka-Shinsaibashi酒店距离心斋桥地铁站（Shinsaibashi Subway...
Apartment in Osaka 1358,,,大阪【难波】 – 显示在地图上,"Situated 500 metres from Namba CITY shopping mall, Apartment in Osaka 1358 is located in..."
HOSTEL WASABI Osaka Bed with Library（大阪住宿图书馆芥末旅馆）,8.8,"2,424条住客点评","中央区, 大阪【难波】 – 显示在地图上",HOSTEL WASABI Osaka Bed with Library旅馆位于大阪。 客房配有平板电视和电脑，提供共用浴室，以及免费洗浴用品和吹风机。HOSTEL WASABI Osaka Bed...
Hearton Hotel Minamisenba（米娜迷森巴哈顿酒店）,8.0,89条住客点评,"中央区, 大阪【心斋桥】 – 显示在地图上",这家Hearton Hotel Minamisenba酒店距离心斋桥地铁站（Shinsaibashi Subway...
Cozy Apartment 2Rms Shinzaibashi/心斋桥两房舒适公寓,,,"中央区, 大阪【南部地区】 – 显示在地图上","Featuring city views, Cozy Apartment 2Rms Shinzaibashi/心斋桥两房舒适公寓 is located in Osaka, 400 metres..."
Usagi House 3F,,,大阪【难波】 – 显示在地图上,"Usagi House 3F offers accommodation in Osaka, 1.1 km from Namba CITY shopping mall and 1."
Namba Kuromon KMR0004B,,,"中央区, 大阪【南部地区】 – 显示在地图上","Namba Kuromon KMR0004B is situated in Osaka. The property features city views, plus is 1."
Namba Kuromon KMR0003B,,,"中央区, 大阪【南部地区】 – 显示在地图上","Situated in Osaka, just 1.1 km from Namba CITY shopping mall, Namba Kuromon KMR0003B provides..."
Hotel Eiko 0-14（荣工0-14酒店）,6.8,8条住客点评,"中央区, 大阪【南部地区】 – 显示在地图上","Hotel Eiko 0-14 in Osaka offers accommodation with free WiFi, 1.4 km from Glico Man Sign and 1."
Apartment in Shimanouchi 303（岛之内303公寓）,,,"中央区, 大阪【南部地区】 – 显示在地图上",Apartment in Shimanouchi 303公寓位于大阪市（Osaka），距离格力高人形广告牌（Glico Man Sign）有800米，距离难波CITY购物商场1.
South In Ikenoya（宜柯诺亚南经济型酒店）,7.9,30条住客点评,"中央区, 大阪【难波】 – 显示在地图上",South In Ikenoya酒店位于大阪，距离难波城购物中心400米，提供带空调和免费WiFi的客房。这家三星级日式商务酒店提供24小时服务的前台，距离Glico Man Sign广告牌有1.
Yeah Room Higashishinsaibashi,,,"中央区, 大阪【心斋桥】 – 显示在地图上","Located 600 metres from Glico Man Sign and providing a terrace and free WiFi, Yeah Room..."
nid NAMBA at Residence East,,,"中央区, 大阪【道顿堀】 – 显示在地图上","Situated in Osaka, 1.2 km from Glico Man Sign and 1."
Namba_Daikoku_DAR0025B,,,大阪【南部地区】 – 显示在地图上,"Namba_Daikoku_DAR0025B offers accommodation in Osaka, less than 1 km from Tsutenkaku and a 12-minute..."
Apartment VR Dotonbori DOR0072B,,,"中央区, 大阪【南部地区】 – 显示在地图上","Apartment VR Dotonbori DOR0072B has a balcony and is located in Osaka, within just 1 km of Glico Man..."
Namba_Dotonbori_DOR0055B,,,"中央区, 大阪【南部地区】 – 显示在地图上","Located in Osaka, 1.3 km from Namba CITY shopping mall and 1."
Namba Mickey Cookies (Adult Only)（难波米奇酷奇情趣酒店（仅限成人））,7.1,57条住客点评,大阪【难波】 – 显示在地图上,Namba Mickey Cookies（Adult Only）情趣酒店位于大阪（Osaka），距离难波城（Namba CITY）购物中心等景点有很短的路程，提供24小时前台服务。...
Osaka EXE,,,"中央区, 大阪【南部地区】 – 显示在地图上",Osaka EXE is a property situated in Osaka near Namba CITY shopping mall.
Grandouce Dotonbori Ⅱ,,,"中央区, 大阪【道顿堀】 – 显示在地图上",Located 1.1 km from Glico Man Sign and 1.
Home Inn Shinsai,,,"中央区, 大阪【心斋桥】 – 显示在地图上","Offering city views, Home Inn Shinsai is an accommodation set in Osaka, 1."
Apartment in Shikitsuhigashi 302（什基茨加石302号公寓）,,,大阪【南部地区】 – 显示在地图上,Apartment in Shikitsuhigashi 302公寓位于大阪（Osaka），提供免费WiFi，距离新世界（Shinsekai）800米，距离通天阁（Tsutenkaku...
304 apartment in Nipponbashi,,,"中央区, 大阪【南部地区】 – 显示在地图上","304 apartment in Nipponbashi is set in the Chuo Ward district of Osaka, 1."
Midosuji Hotel（麦多萨基酒店）,8.1,40条住客点评,"中央区, 大阪【难波】 – 显示在地图上",全面禁烟Midosuji Hotel酒店距离难波地铁站（Nanba Subway...
Hostel Q（Q旅馆）,8.2,"1,130条住客点评","中央区, 大阪【道顿堀】 – 显示在地图上",Hostel Q旅馆距离难波站仅2分钟步行路程，提供共用宿舍间的铺位，在整个旅馆都提供免费无线网络连接，也提供可以免费使用的上网电脑。其设施包括共用厨房和用餐区和一台洗衣机。 Q...
CC-603 Akizero Apartment in Shimanouchi,,,"中央区, 大阪【道顿堀】 – 显示在地图上","Located in Osaka, within less than 1 km of Glico Man Sign, CC-603 Akizero Apartment in Shimanouchi..."
Suite Kuromon Apartment in Osaka（大阪黑门套房公寓）,,,"中央区, 大阪【南部地区】 – 显示在地图上",Sweet Kuromon Apartment in Osaka公寓位于大阪（Osaka）的中央区（Chuo Ward），距离Namba CITY购物中心700米，距离格力高人形广告牌（Glico...
Hostel Base Point Osaka（大阪贝丝波特旅馆）,7.9,278条住客点评,"中央区, 大阪【难波】 – 显示在地图上",Hostel Base Point Osaka酒店距离难波火车站（Namba...
Hotel Continent Vijoux Osaka (Adult Only)（大阪维佐大陆情趣酒店（仅限成人））,,,"中央区, 大阪【道顿堀】 – 显示在地图上",Hotel Continent Vijoux Osaka（Adult Only）情趣酒店位于大阪（Osaka），提供客房。...
Hotel Shinsaibashi Lions Rock（心斋桥狮子石酒店）,6.9,924条住客点评,"中央区, 大阪【心斋桥】 – 显示在地图上",Hotel Shinsaibashi Lions Rock酒店位于大阪市（Osaka）心斋桥区（Shinsaibashi）的中心，距离美国村（America...
Hotel Alten（阿尔顿经济型酒店）,8.0,297条住客点评,"中央区, 大阪【道顿堀】 – 显示在地图上",Hotel Alten酒店位于大阪（Osaka），距离格力高广告牌（Glico Man Sign）有1.
Sunrise House Apartment in Osaka KY501,,,"中央区, 大阪【南部地区】 – 显示在地图上","Situated in Osaka, within 1.1 km of Namba CITY shopping mall, Sunrise House Apartment in Osaka KY501..."
Prince Space Tanimachi-2（谷町2号王子太空公寓式酒店）,,,"中央区, 大阪【南部地区】 – 显示在地图上","Set in Osaka, Prince Space Tanimachi-2 provides accommodation with free WiFi and a kitchen."
Red Roof Plus Osaka Namba（大阪难波红屋顶Plus酒店）,8.5,"1,096条住客点评","中央区, 大阪【难波】 – 显示在地图上",Red Roof Plus Osaka Namba酒店位于大阪（Osaka），配有免费WiFi，距离格力高广告牌（Glico Man Sign）不到1.
Nao's Guesthouse Ⅲ,,,大阪【南部地区】 – 显示在地图上,"Situated 1.2 km from Shitennoji, 2.2 km from Tsutenkaku and 2."
Shell Nell Namba by WBF（难波WBF施埃尔内耳胶囊旅馆）,8.5,624条住客点评,"中央区, 大阪【南部地区】 – 显示在地图上",Shell Nell Namba by WBF胶囊旅馆位于大阪（Osaka），提供免费WiFi，距离难波城（Namba CITY）购物中心有不到700米，距离Glico Man Sign有1.
Namba_Daikoku_DOR0027B,,,大阪【南部地区】 – 显示在地图上,"Situated in the Shinsaibashi, Namba, Yotsubashi district of Osaka, just less than 1 km from..."
Hotel Trusty Shinsaibashi（守信度假村）,7.9,333条住客点评,"中央区, 大阪【心斋桥】 – 显示在地图上",Hotel Trusty酒店位于中心地带的大阪心斋桥，距离心斋桥地铁站3分钟步行路程。酒店提供配备了免费网络连接的时尚客房以及一间供应意大利料理的餐厅。...
ＭＳ日本一ビル,,,"中央区, 大阪【难波】 – 显示在地图上","ＭＳ日本一ビル offers accommodation in Osaka, 800 metres from Namba CITY shopping mall and 1."
蜀道鮮客栈,,,"中央区, 大阪【难波】 – 显示在地图上","Situated in Osaka, 1.3 km from Glico Man Sign and 1."
Tanimachi Hotel Apartment,8.3,5条住客点评,"中央区, 大阪【南部地区】 – 显示在地图上","Located in Osaka, Tanimachi Hotel Apartment has well-equipped accommodation boasting free WiFi, 1."
Namba High floor 1200（难波高层1200公寓）,,,大阪【难波】 – 显示在地图上,"Namba High floor 1200 features a balcony and is located in Osaka, within just less than 1 km of..."
The Wall Hotel（华尔街酒店）,7.7,538条住客点评,"中央区, 大阪【道顿堀】 – 显示在地图上",The Wall Hotel酒店位于大阪（Osaka），提供免费WiFi，距离格力高广告牌（Glico Man Sign）400米，距离难波城（Namba...
Fuku Hostel Nagomi Namba（难波水町福旅舍）,9.0,"1,404条住客点评","中央区, 大阪【南部地区】 – 显示在地图上",Fuku Hostel -Nagomi- Namba旅舍距离难波站（Namba Station）仅有1分钟的步行路程，设有带共用厨房的休息室，以及覆盖共用区的免费WiFi。 Fuku...
Hotel Art Inn Namba Osaka（大阪难波艺术酒店）,7.7,582条住客点评,"中央区, 大阪【难波】 – 显示在地图上",Hotel Art Inn Namba Osaka酒店位于大阪（Osaka）。这家三星酒店提供免费WiFi和24小时前台，距离Glico Man Sign有700米。...
Walking distance to Kuromon market and Dotonbori(69-5),,,"中央区, 大阪【南部地区】 – 显示在地图上",Walking distance to Kuromon market and Dotonbori(69-5) is set in Osaka. Guests may enjoy free WiFi.
Namba_Kuromon_KMR0037B,,,大阪【南部地区】 – 显示在地图上,"Set in Osaka, 1 km from Namba CITY shopping mall, Namba_Kuromon_KMR0037B provides a living room with..."
Hotel Nikko Osaka（大阪日航国际酒店）,8.7,"1,424条住客点评","中央区, 大阪【心斋桥】 – 显示在地图上",Hotel Nikko Osaka酒店与心斋桥地铁站（Shinsaibashi Subway...
Prince Space Namba（难波太子空间公寓）,,,"中央区, 大阪【心斋桥】 – 显示在地图上",Prince Space Namba公寓位于大阪的中央区（Chuo Ward），距离格力高人像标志（Glico Man Sign）有700米，提供免费WiFi。...
Hotel Rose Lips Shinsaibashi (Adult Only)（玫瑰之心心斋桥情趣酒店（仅限成人））,,,"中央区, 大阪【道顿堀】 – 显示在地图上","Situated in Osaka, within 300 metres of Glico Man Sign and less than 1 km of Namba CITY shopping..."
Ikidane House Osaka Shimanouchi,,,"中央区, 大阪【心斋桥】 – 显示在地图上",Situated 1.7 km from Glico Man Sign and 2.
Apartment in Tennoji TG-401,,,大阪【南部地区】 – 显示在地图上,"Set in Osaka, 1.3 km from Shitennoji and 2 km from Namba CITY shopping mall, Apartment in Tennoji..."
Apartment VR Namba Kuromon KMR0042B,,,"中央区, 大阪【难波】 – 显示在地图上","Apartment VR Namba Kuromon KMR0042B is situated in Osaka, 700 metres from Namba CITY shopping mall,..."
Apartment in Nishishinsaibashi SI59（西新宿桥MSI59公寓）,7.8,6条住客点评,"中央区, 大阪【道顿堀】 – 显示在地图上",Osaka Modern Style Apartment Near Dotonbori MSI59公寓位于大阪（Osaka），距离大阪城（Osaka Castle）1.
Osaka Esraise,,,"中央区, 大阪【南部地区】 – 显示在地图上","Situated in Osaka, Osaka Esraise provides air-conditioned accommodation with a balcony and free..."
Shimanouchi hotel (76-1),,,"中央区, 大阪【心斋桥】 – 显示在地图上","Located in Osaka, 1.3 km from Glico Man Sign and 1."
Apartment in Osaka 5951,,,"中央区, 大阪【南部地区】 – 显示在地图上","Located less than 1 km from Glico Man Sign, an 18-minute walk from Namba CITY shopping mall and 2."
Nipponbashi302 Two rooms and one living room,,,"中央区, 大阪【南部地区】 – 显示在地图上",Nipponbashi302 Two rooms and one living room is set in Osaka.
NEW!! Less than 1min to Namba sta(11-1),,,大阪【难波】 – 显示在地图上,"NEW!! Less than 1min to Namba sta（11-1）公寓位于大阪（Osaka）的心斋桥、南波和四桥区（Shinsaibashi, Namba,..."
Residence Namba East,,,"中央区, 大阪【道顿堀】 – 显示在地图上","Situated 1.2 km from Glico Man Sign, Residence Namba East offers air-conditioned accommodation with..."
Prince space Tanimachi（谷町普林斯斯佩西公寓）,9.3,33条住客点评,"中央区, 大阪【南部地区】 – 显示在地图上",Prince space Tanimachi公寓位于大阪（Osaka），距离四天王寺（Shitennoji）不到1.
Grandouce Sejour（一流公寓）,6.6,8条住客点评,大阪【南部地区】 – 显示在地图上,Located 1.5 km from Tsutenkaku and 1.
Platinum（铂金酒店）,6.9,47条住客点评,大阪【南部地区】 – 显示在地图上,Platinum酒店位于大阪（Osaka）市中心，距离Nippombashi火车站仅有8分钟的步行路程，距离Tanimachi...
Sunrise Apartment in Osaka KY-201,,,"中央区, 大阪【南部地区】 – 显示在地图上","Sunrise Apartment in Osaka KY-201 in Osaka features accommodation with free WiFi, 1."
Namba_Daikoku_DAR0001B,7.6,7条住客点评,大阪【南部地区】 – 显示在地图上,"Namba_Daikoku_DAR0001B enjoys a location in Osaka, just 1.4 km from Tsutenkaku and 1."
Namba High class residence #12,,,大阪【难波】 – 显示在地图上,"Offering free WiFi and city views, Namba High class residence #12 is an accommodation located in..."
Hotel Hills（希尔斯酒店）,6.5,115条住客点评,"中央区, 大阪【南部地区】 – 显示在地图上",Hotel Hills酒店位于大阪（Osaka）的中央区（Chuo Ward），距离Namba CITY购物商场1.
Ogu's Apartment in Dotombori（道顿堀浆果公寓）,8.9,42条住客点评,"中央区, 大阪【道顿堀】 – 显示在地图上",Ogu's Apartment in Dotombori公寓位于大阪府地区（Osaka Prefecture）的大阪，配有阳台，并可应事先预约提供WiFi。...
Apartment in Nipponbashi 402,,,"中央区, 大阪【南部地区】 – 显示在地图上",Apartment in Nipponbashi 402公寓位于大阪，距离难波城购物中心700米，距离格力高人形广告牌800米。 空调公寓提供厨房和电视。 Apartment in...
Apartment in Nipponbashi 403,,,"中央区, 大阪【南部地区】 – 显示在地图上","Apartment in Nipponbashi 403 enjoys a location in Osaka, just 1."
Rakuten STAY HOSTEL Art cafe＆Mixed / Vacation STAY 1895,9.1,5条住客点评,"中央区, 大阪【心斋桥】 – 显示在地图上",Rakuten STAY HOSTEL Art cafe＆Mixed / Vacation STAY 1895酒店位于大阪，距离乐高广告牌（Glico Man Sign）不到1.
Apartment in Shimanouchi 521（岛之内521公寓）,,,"中央区, 大阪【南部地区】 – 显示在地图上",Apartment in Shimanouchi 521公寓位于大阪（Osaka），距离格力高广告牌（Glico Man Sign）800米，距离难波城（Namba CITY）购物中心1.
Apartment in Kozu 403,,,"中央区, 大阪【南部地区】 – 显示在地图上",Apartment in Kozu 403公寓位于大阪（Osaka），地理位置优越，距离Namba CITY购物中心仅有800米，距离格力高广告牌（Glico Man...
M Room（M客房公寓）,,,"中央区, 大阪【道顿堀】 – 显示在地图上","Situated in Osaka in the Osaka Prefecture region, M Room features a terrace."
Apartment in Naniwa #2,,,大阪【南部地区】 – 显示在地图上,"Located in Osaka in the Osaka Prefecture region, Apartment in Naniwa #2 is a 2-star property..."
Retour Faire (Adult Only)（轮回情趣酒店（仅限成人））,6.3,47条住客点评,大阪【难波】 – 显示在地图上,Retour Faire（Adult Only）情趣酒店位于大阪（Osaka），提供带免费WiFi的住宿，地理位置优越，距离格力高广告牌（Glico Man...
Hostel Yu - Luxury Mixed Dormitory -,9.7,7条住客点评,"中央区, 大阪【心斋桥】 – 显示在地图上",Hostel Yu - Luxury Mixed Dormitory旅馆于2018年开业，距离心斋桥站（Shinsaibashi...
Apartment in Shimanouchi 654（中央区654号公寓）,6.4,9条住客点评,"中央区, 大阪【南部地区】 – 显示在地图上",Apartment in Chuo District 496654公寓坐落在大阪，距离格力高广告牌（Glico Man Sign）有800米，距离难波城（Namba CITY）购物中心有1.
TOP 1 NIPPON BASHI / Vacation STAY 934,,,"中央区, 大阪【道顿堀】 – 显示在地图上","Set in the Chuo Ward district of Osaka, just 1."
Apartment in Osaka 1357,,,大阪【难波】 – 显示在地图上,"Apartment in Osaka 1357 has a balcony and is located in Osaka, within just 500 metres of Namba CITY..."
2 min to Nipponbashi Sta.!Near Dotonbori!(206-13),,,"中央区, 大阪【南部地区】 – 显示在地图上","2 min to Nipponbashi Sta.!Near Dotonbori!(206-13) is located in Osaka, 1."
Namba_Dotonbori_DOR0067B,,,"中央区, 大阪【南部地区】 – 显示在地图上","Situated in Osaka, 1.4 km from Glico Man Sign, Namba_Dotonbori_DOR0067B provides a living room with..."
Namba central Large room MY3,,,大阪【难波】 – 显示在地图上,"Namba central Large room MY3 is set in Osaka, less than 1 km from Namba CITY shopping mall, a..."
Namba_Kuromon_KMR0014B,,,大阪【南部地区】 – 显示在地图上,"Situated in Osaka, within 1 km of Namba CITY shopping mall, Namba_Kuromon_KMR0014B offers..."
Grampus Inn Osaka（大阪鲸酒店）,7.4,905条住客点评,大阪【难波】 – 显示在地图上,Grampus Inn Osaka旅馆距离热闹的道顿堀（Dotonbori）和心斋桥（Shinsaibashi）有10分钟的步行路程，提供带付费电影和私人浴室的空调客房...
Namba_Dotonbori_DOR0059B,,,"中央区, 大阪【南部地区】 – 显示在地图上","Set in Osaka, Namba_Dotonbori_DOR0059B features air-conditioned accommodation with a balcony and..."
Apartment in Shimanouchi 704（岛之内704公寓）,,,"中央区, 大阪【南部地区】 – 显示在地图上",Apartment in Shimanouchi 704公寓位于大阪（Osaka），距离格力高广告牌（Glico Man Sign）800米。 公寓配有厨房。 Apartment in...
Hotel Sen (Adult Only),8.3,69条住客点评,"中央区, 大阪【道顿堀】 – 显示在地图上",Hotel Dress (Adult Only)情趣酒店坐落在大阪市（Osaka），提供住宿。这家情趣酒店位于中央区（Chuo Ward）区，地理位置优越，距离格力高广告牌（Glico Man...
Kuromon Apartment（黑门公寓）,6.2,9条住客点评,"中央区, 大阪【南部地区】 – 显示在地图上","Set in the Chuo Ward district of Osaka, just 1."
Apartment in Shimanouchi 601（岛之内601公寓）,,,"中央区, 大阪【南部地区】 – 显示在地图上",Apartment in Shimanouchi 601公寓位于大阪（Osaka），提供公寓，距离格力高广告牌（Glico Man Sign）800米，距离难波城（Namba CITY）购物中心1.
Namba_Kuromon_KMR0002B,,,"中央区, 大阪【南部地区】 – 显示在地图上","Namba_Kuromon_KMR0002B in Osaka features accommodation with free WiFi, 1."
Apartment in Shimanouchi 604（岛之内604号公寓 ）,,,"中央区, 大阪【南部地区】 – 显示在地图上",Apartment in Shimanouchi 604公寓位于大阪（Osaka），提供厨房，距离格力高人形广告牌（Glico Man Sign）800米，距离难波城（Namba...
Apartment in Shimanouchi 205（岛之内205号公寓）,,,"中央区, 大阪【南部地区】 – 显示在地图上",Apartment in Shimanouchi 205公寓位于大阪（Osaka），距离格力高广告牌（Glico Man Sign）800米，距离难波城（Namba CITY）购物中心1.
Apartment in Shimanouchi 703（岛之内703公寓）,,,"中央区, 大阪【南部地区】 – 显示在地图上",Apartment in Shimanouchi 703公寓位于大阪，配有空调，距离格力高人形广告牌（Glico Man Sign）不到800米，距离难波城（Namba CITY）购物中心1.
SJ Apartment Osaka Namba A（大阪难波A号SJ公寓）,7.8,40条住客点评,"中央区, 大阪【南部地区】 – 显示在地图上",这间空调公寓位于大阪（Osaka），设有阳台和平板电视。公寓享有城市景致，距离格力高人型广告牌（Glico Man Sign）800米。所有客房均提供免费WiFi。公寓设有厨房。 SJ...
Namba_Daikoku_DAR0007B,,,大阪【南部地区】 – 显示在地图上,"Situated 1.6 km from Tsutenkaku, Namba_Daikoku_DAR0007B is set in Shinsaibashi, Namba, Yotsubashi of..."
CC Apartment in Naniwa 002,7.1,5条住客点评,大阪【南部地区】 – 显示在地图上,"Set in Osaka, 1 km from Namba CITY shopping mall and 1."
Hotel Mobius 54-9,,,大阪【难波】 – 显示在地图上,"Located in Osaka, Hotel Mobius 54-9 offers air-conditioned accommodation with a balcony and free..."
Seruju Asahi（赛鲁聚朝日公寓）,,,大阪【南部地区】 – 显示在地图上,Seruju Asahi公寓距离Daikokucho Station车站有7分钟的步行路程，提供高速WiFi和便携式WiFi路由器，客人可以在入住期间租用。公寓提供5间卧室...
Apartment in Tennoji TG-301,,,大阪【南部地区】 – 显示在地图上,"Located 1.3 km from Shitennoji, Apartment in Tennoji TG-301 is set in Uehommachi, Tennoji, Southern..."
Apartment in Shimanouchi 526249（岛之内526249公寓）,,,"中央区, 大阪【南部地区】 – 显示在地图上",Apartment in Shimanouchi 526249公寓位于大阪（Osaka），距离格力高广告牌（Glico Man Sign）仅800米，距离难波城（Namba CITY）购物中心1.
Apartment in Nipponbashi 511487（日本桥601号奥斯黛公寓）,,,"中央区, 大阪【南部地区】 – 显示在地图上",Apartment in Nipponbashi 601公寓位于大阪（Osaka），距离难波城（Namba CITY）购物中心700米，距离格力高广告牌（Glico Man...
Business Inn Namba（难波商务酒店）,6.4,164条住客点评,大阪【难波】 – 显示在地图上,Business Inn酒店距离难波站（Namba Station）、道顿堀（Dotonbori ）购物街以及法善寺（Hozen-ji...
Near Namba hinsaibashi Dotonbori 3BR2,,,"中央区, 大阪【心斋桥】 – 显示在地图上","Situated in Osaka, just 1.7 km from Glico Man Sign, Near Namba hinsaibashi Dotonbori 3BR2 offers..."
Apartment in Shimanouchi 204,,,"中央区, 大阪【南部地区】 – 显示在地图上",Apartment in Shimanouchi 204公寓位于大阪（Osaka），距离格力高广告牌（Glico Man Sign）800米，距离难波城（Namba CITY）购物中心1.
Apartment in Shimanouchi 304（岛之内304号公寓）,,,"中央区, 大阪【南部地区】 – 显示在地图上",Apartment in Shimanouchi 304公寓位于大阪市（Osaka），距离格力高广告牌（Glico Man Sign）仅800米，距离难波城（Namba CITY）购物中心1.
日本桥民宿701 三人起接单！心斋桥 难波 道顿堀 日本桥 黑门市场 日式豪华公寓75平3房一厅,,,"中央区, 大阪【南部地区】 – 显示在地图上",日本桥民宿701 三人起接单！心斋桥 难波 道顿堀 日本桥 黑门市场 日式豪华公寓75平3房一厅 features air-conditioned rooms with flat-screen TV...
Apartment in Shimanouchi 526246,,,"中央区, 大阪【南部地区】 – 显示在地图上",Apartment in Shimanouchi 526246公寓位于大阪（Osaka），提供带免费WiFi的住宿，距离格力高广告牌（Glico Man Sign）800米，距离难波城（Namba...
Namba Alpha (Adult Only)（难波阿尔法情趣酒店（仅限成人））,6.6,60条住客点评,大阪【难波】 – 显示在地图上,"Namba Alpha (Adult Only)情趣酒店位于大阪（Osaka）心斋桥·难波·四桥（Shinsaibashi, Namba, Yotsubashi）区，距离格力高广告牌（Glico..."
T5 Apartment in Nipponbashi（日本桥T5公寓）,,,"中央区, 大阪【南部地区】 – 显示在地图上",T5 Apartment in Nipponbashi公寓位于大阪（Osaka），距离Namba CITY购物中心500米，距离格力高广告牌（Glico Man...
Hotel Replace Namba Osaka,,,"中央区, 大阪【南部地区】 – 显示在地图上",Hotel Replace Namba Osaka offers free WiFi and rooms with air conditioning in Osaka.
Namba_Kuromon_KMR0018B,,,大阪【南部地区】 – 显示在地图上,"Located in Osaka, 1 km from Namba CITY shopping mall and 1."
Namba_Dotonbori_DOR0053B,,,"中央区, 大阪【南部地区】 – 显示在地图上",Situated 1.3 km from Namba CITY shopping mall and 1.
Hotel Naniwa Shimanouchi（岛之内浪花酒店）,8.4,"1,146条住客点评","中央区, 大阪【道顿堀】 – 显示在地图上",Hotel Naniwa Shimanouchi酒店距离道顿堀（Dotonbori）有3分钟的步行路程，距离日本桥地铁站（Nipponbashi）地铁站6号出口有6分钟的步行路程...
黒門市場 難波 日本橋 星ノ宿,,,"中央区, 大阪【心斋桥】 – 显示在地图上",黒門市場 難波 日本橋 星ノ宿 is a property set in Osaka near Glico Man Sign.
ibis Styles Osaka Namba（宜必思尚品大阪酒店）,7.9,"3,067条住客点评","中央区, 大阪【道顿堀】 – 显示在地图上",Ibis Styles Osaka酒店位于热门的道顿堀（Dotonbori）购物街的中间，提供配有深色木质家具的客房、免费WiFi和私人停车场，距离附近的南海难波站（Nankai Namba...
Apartment in Shimanouchi 505（岛之内505号公寓）,,,"中央区, 大阪【南部地区】 – 显示在地图上",这间公寓位于大阪（Osaka），距离格力高人形广告牌（Glico Man Sign）800米，距离难波城（Namba CITY）购物中心1.
Apartment in Shinsaibashisuji 691（心斋桥691号公寓）,,,"中央区, 大阪【心斋桥】 – 显示在地图上",Apartment in Shinsaibashisuji 691公寓位于大阪（Osaka），距离Glico Man Sign有600米，距离难波城（Namba CITY）购物中心有1.
Apartment in Shimanouchi 526247,,,"中央区, 大阪【南部地区】 – 显示在地图上",Apartment in Shimanouchi 526247公寓位于大阪（Osaka），距离格力高广告牌（Glico Man Sign）仅800米，距离难波城（Namba CITY）购物中心1.
Hotel Kanade Osaka Namba（大阪难波奏酒店）,8.3,"1,690条住客点评",大阪【难波】 – 显示在地图上,Hotel Kanade酒店距离难波站（Namba Station）仅有3分钟步行路程，距离难波城（Namba...
Namba_Daikoku_DAR0021B,,,大阪【南部地区】 – 显示在地图上,"Set 1.6 km from Tsutenkaku and 1.7 km from Shinsekai in Osaka, Namba_Daikoku_DAR0021B offers..."
Namba_Dotonbori_DOR0056B,,,"中央区, 大阪【南部地区】 – 显示在地图上","Boasting a terrace, Namba_Dotonbori_DOR0056B offers accommodation in Osaka, 1."
B&C Hotel Sunplay Inn Nagahori（长堀桑布雷旅馆B&C酒店）,7.8,259条住客点评,"中央区, 大阪【心斋桥】 – 显示在地图上",B&C Hotel胶囊旅馆毗邻长堀桥地铁站（Nagahoribashi Subway...
Usagi House 1F,,,大阪【难波】 – 显示在地图上,"1.4 km from Namba CITY shopping mall, Usagi House 1F is located in the Shinsaibashi, Namba,..."
Graceful Hotel East (206-5),,,大阪【南部地区】 – 显示在地图上,"Graceful Hotel East (206-5) is set in Osaka, 1 km from Namba CITY shopping mall, 1."
日本桥民宿702 三人起接单！心斋桥 难波 道顿堀 日本桥 黑门市场 日式豪华公寓75平3房一厅,,,"中央区, 大阪【南部地区】 – 显示在地图上","1.4 km from Namba CITY shopping mall, 日本桥民宿702 三人起接单！心斋桥 难波 道顿堀 日本桥 黑门市场 日式豪华公寓75平3房一厅 is situated..."
Hotel Bali An Resort Shinsaibashi (Adult Only)（心斋桥巴厘安酒店（仅限成人））,9.2,125条住客点评,"中央区, 大阪【道顿堀】 – 显示在地图上",Hotel Bali An Resort Shinsaibashi (Adult Only)酒店位于大阪市（Osaka）的中央区（Chuo...
Apartment in Shimanouchi 201（岛之内201公寓）,,,"中央区, 大阪【南部地区】 – 显示在地图上",Apartment in Shimanouchi 201公寓位于大阪（Osaka），距离格力高广告牌（Glico Man Sign）800米，距离Namba CITY购物中心1.
Namba_Kuromon_KMR0034B,,,大阪【南部地区】 – 显示在地图上,"Namba_Kuromon_KMR0034B enjoys a location in Osaka, just 1.3 km from Tsutenkaku and 1."
Apartment in Shimanouchi 504（岛之内504号公寓）,,,"中央区, 大阪【南部地区】 – 显示在地图上",Apartment in Shimanouchi 504公寓位于大阪（Osaka），距离格力高人形广告牌（Glico Man Sign）有800米，距离难波城（Namba CITY）购物中心有1.
Tani9 Backpackers Osaka（大阪谷9背包客旅馆）,8.6,239条住客点评,"中央区, 大阪【南部地区】 – 显示在地图上",迷人的Tani9 Backpackers Osaka旅馆于2013年6月开业，距离Tanimachi kyuchome Subway...
Apartment in Osaka 5457,,,"中央区, 大阪【难波】 – 显示在地图上","Set in Osaka, 1.2 km from Glico Man Sign, Apartment in Osaka 5457 features a living room with a TV."
6 mins walk from Nankai Namba station!! (206-11),,,大阪【南部地区】 – 显示在地图上,"In the Shinsaibashi, Namba, Yotsubashi district of Osaka, close to Namba CITY shopping mall, 6 mins..."
Apartment in Shimanouchi 01（中央01号公寓）,,,"中央区, 大阪【南部地区】 – 显示在地图上",Apartment in Chuo 01公寓位于大阪（Osaka），距离格力高广告牌（Glico Man Sign）800米，距离Namba CITY购物中心1.
CC Apartment in Osaka 61,,,大阪【南部地区】 – 显示在地图上,"Set in Osaka, 1 km from Namba CITY shopping mall and 1."
Apartment in Osaka 1361,,,大阪【难波】 – 显示在地图上,Situated 500 metres from Namba CITY shopping mall and 1.
Local stay in Namba（难波本地住宿旅馆）,7.8,7条住客点评,大阪【南部地区】 – 显示在地图上,Just 1.5 km from Namba CITY shopping mall and 1.
Oasis Daikoku one,,,大阪【南部地区】 – 显示在地图上,"Set in Osaka, 1.3 km from Tsutenkaku and 1.4 km from Shinsekai, Oasis Daikoku one offers free WiFi."
hotel puppy（大阪帕比242公寓）,,,"中央区, 大阪【道顿堀】 – 显示在地图上",Apartment in Osaka 242公寓位于大阪（Osaka），提供公寓，距离Glico Man Sign广告牌300米。 公寓配有厨房。 Apartment in Osaka...
F1 Apartment in Nipponbashi（日本桥F1公寓）,,,"中央区, 大阪【南部地区】 – 显示在地图上",F1 Apartment in Nipponbashi in Osaka公寓提供带免费WiFi的住宿，距离难波城（Namba CITY）购物中心500米，距离格力高广告牌（Glico Man...
Apartment in Shimanouchi 690（中央公寓690号）,,,"中央区, 大阪【南部地区】 – 显示在地图上",Apartment in Chuo District 2479544公寓提供位于大阪（Osaka）的住宿，距离格力高人形广告牌（Glico Man Sign）800米，距离难波城（Namba...
Shinsaibashi Grand Hotel Osaka（大阪心斋桥酒店 ）,7.7,18条住客点评,"中央区, 大阪【心斋桥】 – 显示在地图上",Shinsaibashi Grand Hotel Osaka酒店位于大阪（Osaka），距离固力果人形招牌（Glico Man...
Apartment in Shimanouchi 689（中央区689号公寓）,,,"中央区, 大阪【南部地区】 – 显示在地图上",Apartment in Chuo District 496689公寓位于大阪，距离格力高广告牌（Glico Man Sign）800米，距离难波城（Namba CITY）购物商场1.
"1 min to Doutonbori, Kuromon, 3 mins Namba ST!!3",,,"中央区, 大阪【难波】 – 显示在地图上","Boasting a terrace, 1 min to Doutonbori, Kuromon, 3 mins Namba ST!!"
Apartment in Osaka 1362,,,大阪【难波】 – 显示在地图上,"Apartment in Osaka 1362 is situated in Osaka, 500 metres from Namba CITY shopping mall, 1."
大阪麒森和宅,,,大阪【南部地区】 – 显示在地图上,"Set in Osaka, 大阪麒森和宅 provides accommodation with free WiFi, within 1.5 km of Tsutenkaku."
Hospi+ Daikoku,,,大阪【南部地区】 – 显示在地图上,"Set in Osaka, within 1.5 km of Tsutenkaku, Hospi+ Daikoku offers accommodation with free WiFi and..."
Tribe Hotel,,,"中央区, 大阪【南部地区】 – 显示在地图上",Located within 1.1 km of Glico Man Sign and 1.
HOSTEL nid NIPPONBASHI,9.5,9条住客点评,大阪【南部地区】 – 显示在地图上,HOSTEL nid NIPPONBASHI度假屋位于大阪（Osaka），提供带厨房的住宿，距离难波城（Namba CITY）购物中心700米，距离通天阁（Tsutenkaku）1.
Penthouse in Namba SI36（西心斎橋NSI36公寓）,,,"中央区, 大阪【道顿堀】 – 显示在地图上",Apartment in Nishishinsaibashi NSI36公寓位于大阪，距离格力高广告牌（Glico Man Sign）300米，距离难波城（Namba...
Yamatoya Honten Ryokan Osaka（大阪大和屋本店旅馆）,8.1,553条住客点评,"中央区, 大阪【道顿堀】 – 显示在地图上",Yamatoya Honten传统日式旅馆位于大阪（Osaka）市中心的中心地带，提供远离热闹城市的宁静休闲之地、宽敞的公共澡堂和覆盖各处的免费WiFi。...
Intersection by Move（穆夫十字路口公寓）,6.1,9条住客点评,大阪【南部地区】 – 显示在地图上,"Located in Osaka, within 1.2 km of Shitennoji, Intersection by Move offers accommodation with free..."
Rakuten STAY HOSTEL Art cafe＆Male only / Vacation STAY 1895,8.4,7条住客点评,"中央区, 大阪【心斋桥】 – 显示在地图上",Rakuten STAY HOSTEL Art cafe＆ Male dormitory room旅馆位于大阪（Osaka），距离Glico Man Sign和Namba...
Apartment in Osaka 555207,,,"中央区, 大阪【南部地区】 – 显示在地图上","Apartment in Osaka 555207 enjoys a location in Osaka, just 1."
Apollo 4 Person Apartment at Namba,9.3,21条住客点评,大阪【难波】 – 显示在地图上,Apollo 4 Person Family Apartment at Namba公寓距离难波站（Namba...
Graceful Hotel East 901 (206-6),,,大阪【南部地区】 – 显示在地图上,"Situated in Osaka, just 1 km from Namba CITY shopping mall, Graceful Hotel East 901 (206-6) features..."
Daikoku Hostel（大国旅舍）,9.1,180条住客点评,大阪【南部地区】 – 显示在地图上,Daikoku Hostel旅馆距离Daikokucho Subway...
Apartment in Osaka 1359,,,大阪【难波】 – 显示在地图上,"Apartment in Osaka 1359 offers accommodation in Osaka, 500 metres from Namba CITY shopping mall and..."
Apartment in Kozu SD62（木津MSD62公寓）,,,"中央区, 大阪【南部地区】 – 显示在地图上",Kozu MSD62公寓位于大阪（Osaka）中央区（Chuo Ward），距离格力高广告牌（Glico Man Sign）有800米，距离Nambo CITY购物中心800米，提供免费WiFi。...
Apartment in Tennoji TG-701,,,大阪【南部地区】 – 显示在地图上,"Apartment in Tennoji TG-701 in Osaka features accommodation with free WiFi, 1.3 km from Shitennoji."
Apartment in Kozu SD4（木津MSD4公寓）,,,"中央区, 大阪【南部地区】 – 显示在地图上",Nanba Hip-hop Style Apartment MSD4公寓位于大阪（Osaka），距离难波城（Namba CITY）购物中心800米，距离格力高广告牌（Glico Man...
Apartment in Osaka 8638,,,大阪【南部地区】 – 显示在地图上,"Apartment in Osaka 8638 offers accommodation in Osaka, 1.3 km from Shitennoji and 2."
Henn na Hotel Osaka Shinsaibashi,,,"中央区, 大阪【心斋桥】 – 显示在地图上",Henn na Hotel Osaka Shinsaibashi is set in Osaka.
＃14 アメニティ501,,,"中央区, 大阪【南部地区】 – 显示在地图上","Set 1.2 km from Glico Man Sign in Osaka, ＃14 アメニティ501 offers accommodation with a kitchen."
Namba_Namba_NBR0033B,,,大阪【难波】 – 显示在地图上,"Ideally situated in Shinsaibashi, Namba, Yotsubashi of Osaka, Namba_Namba_NBR0033B has a terrace and..."
Nipponbashi Luxe Hotel（日本桥奢华酒店）,8.3,427条住客点评,"中央区, 大阪【南部地区】 – 显示在地图上",Nipponbashi Luxe Hotel酒店位于大阪（Osaka），距离Glico Man...
Near Namba hinsaibashi Dotonbori 3BR3,,,"中央区, 大阪【心斋桥】 – 显示在地图上","Located 1.7 km from Glico Man Sign, 2.3 km from Namba CITY shopping mall and 2."
Raffine Namba (Adult Only)（拉斐娜难波情趣酒店（仅限成人））,7.3,41条住客点评,大阪【难波】 – 显示在地图上,Raffine Namba（Adult Only）情趣酒店位于大阪，提供免费WiFi，距离格力高人像标志（Glico Man Sign）不到1公里，距离难波城（Namba...
Apartment in Motomachi NOB52,,,大阪【难波】 – 显示在地图上,Hideaway Secret House NOB52公寓位于大阪（Osaka），距离难波城购物中心（Namba CITY）500米，距离格力高广告牌（Glico Man...
Apartment in Osaka 1081,,,大阪【南部地区】 – 显示在地图上,"Less than 1 km from Tsutenkaku, Apartment in Osaka 1081 is set in the Shinsaibashi, Namba,..."
Hotel Umehana（梅花酒店）,,,"中央区, 大阪【南部地区】 – 显示在地图上","Set less than 1 km from Glico Man Sign, Hotel Umehana provides rooms with air conditioning in Osaka."
Apartment in Osaka 0286,,,"中央区, 大阪【南部地区】 – 显示在地图上","Apartment in Osaka 0286 enjoys a location in Osaka, just 1.4 km from Namba CITY shopping mall and 1."
Apartment in Osaka 1059,,,大阪【南部地区】 – 显示在地图上,Apartment in Osaka 1059 is a property located in Osaka near Tsutenkaku.
Namba_Dotonbori_DOR0052B,,,"中央区, 大阪【心斋桥】 – 显示在地图上","Located in Osaka, 400 metres from Glico Man Sign, Namba_Dotonbori_DOR0052B features a living room..."
Kanetoya Inn（卡内多雅宾馆）,9.4,15条住客点评,"中央区, 大阪【难波】 – 显示在地图上",Kanetoya Inn宾馆位于大阪（Osaka），提供免费WiFi，距离难波站（Namba Station）有5分钟步行路程。所有客房均禁止吸烟。客人可以搭乘南海特快列车（Nankai...
Namba_Daikoku_DOR0028B,,,大阪【南部地区】 – 显示在地图上,"Namba_Daikoku_DOR0028B in Osaka provides accommodation with free WiFi, less than 1 km from..."
Guesthouse HetoGep（海托盖普旅馆）,9.1,177条住客点评,"中央区, 大阪【难波】 – 显示在地图上",Guesthouse HetoGep旅馆位于大阪，提供共用休息室，靠近难波城（Namba CITY）购物中心和格力高人像广告牌（Glico Man Sign）等热门景点，提供免费WiFi和行李寄存处。...
Hostel Enisia Namba（难波英尼希亚旅舍）,8.9,687条住客点评,"中央区, 大阪【难波】 – 显示在地图上",Hostel Enisia Namba青年旅舍位于大阪（Osaka），距离格力高人形标志牌（Glico Man Sign）有200米，提供免费WiFi和共用休息室。附近提供难波城（Namba...
Namba_Kuromon_KMR0036B,,,大阪【南部地区】 – 显示在地图上,"Set in Osaka, 1.3 km from Tsutenkaku, 1.3 km from Shinsekai and 1."
Hotel Grand Garden (206-8),,,"中央区, 大阪【心斋桥】 – 显示在地图上",Set 1.5 km from Glico Man Sign and 2.
Apartment in Osaka 1588,,,大阪【南部地区】 – 显示在地图上,"Set less than 1 km from Tsutenkaku, an 11-minute walk from Shinsekai and 1."
PrimoPasso Tanimachi 9-chome / Vacation STAY 1002,,,"中央区, 大阪【南部地区】 – 显示在地图上","Situated 1.6 km from Shitennoji, 2 km from Namba CITY shopping mall and 2."
PrimoPasso Tanimachi 9-chome / Vacation STAY 1003,,,"中央区, 大阪【南部地区】 – 显示在地图上","PrimoPasso Tanimachi 9-chome / Vacation STAY 1003 offers accommodation in Osaka, 1."
Hotel International House Osaka（大阪国际酒店）,8.0,74条住客点评,大阪【南部地区】 – 显示在地图上,Hotel International House Osaka酒店距离大阪上本町地铁站（Osaka Uehonmachi Subway Station）(Kintetsu...
Henn na Hotel NishiShinsaibashi,,,"中央区, 大阪【心斋桥】 – 显示在地图上","Situated in Osaka, Osaka Prefecture region, Henn na Hotel NishiShinsaibashi is set 600 metres from..."
Pine Block Hotel Apartment,,,大阪【南部地区】 – 显示在地图上,"Located 1.3 km from Tsutenkaku, Pine Block Hotel Apartment is set in Shinsaibashi, Namba, Yotsubashi..."
OOKINI HOTELS Yotsubashi Horie Apartment（四桥堀江奥基尼公寓）,,,大阪【心斋桥】 – 显示在地图上,OOKINI HOTELS Yotsubashi Horie Apartment公寓位于大阪，距离格力高广告牌（Glico Man...
Lumiere Higashi Shinsaibashi #501 / Vacation STAY 1068,,,"中央区, 大阪【心斋桥】 – 显示在地图上","Lumiere Higashi Shinsaibashi #501 / Vacation STAY 1068 is set in Osaka, less than 1 km from..."
Hotel Kuramoto（仓本酒店 ）,8.5,55条住客点评,"中央区, 大阪【南部地区】 – 显示在地图上",Hotel Kuramoto酒店提供配备了免费WiFi、榻榻米地板和日式浴衣的日式空调客房，距离Nipponbashi地铁站600米。酒店设有公共热水浴池，还提供额外收费的日本料理。 Kuramoto...
Apartment in Sennichimae 454871,,,"中央区, 大阪【难波】 – 显示在地图上","Located in Osaka, within 1.2 km of Glico Man Sign, Apartment in Sennichimae 454871 offers..."
Namba_Kuromon_KMR0035B,,,大阪【南部地区】 – 显示在地图上,"Boasting a hot tub, Namba_Kuromon_KMR0035B is set in Osaka. This property is 1."
Backstage Osaka Hostel & Bar（大阪后台旅舍及酒吧 ）,8.7,150条住客点评,"中央区, 大阪【南部地区】 – 显示在地图上",Backstage Osaka Hostel & Bar旅舍位于大阪（Osaka）。客人可以光顾旅舍内的酒吧，或步行10分钟前往道顿堀（Dotonbori）的各种餐馆和酒吧...
6 mins walk from Nankai Namba station!! (206-10),,,大阪【南部地区】 – 显示在地图上,"Situated in Osaka, within 1 km of Namba CITY shopping mall, 6 mins walk from Nankai Namba station!!"
TOP 1 NIPPON BASHI / Vacation STAY 932,,,"中央区, 大阪【道顿堀】 – 显示在地图上","Situated in Osaka, within 1.1 km of Glico Man Sign, TOP 1 NIPPON BASHI / Vacation STAY 932..."
Apartment in Shimanouchi 203（岛之内203号公寓）,7.3,6条住客点评,"中央区, 大阪【南部地区】 – 显示在地图上",Apartment in Shimanouchi 203公寓位于大阪，距离格力高广告牌（Glico Man Sign）800米，距离难波城（Namba CITY）购物中心1.
Namba_Daikoku_DAR0009B,,,大阪【南部地区】 – 显示在地图上,"Namba_Daikoku_DAR0009B offers accommodation in Osaka, 1.2 km from Tsutenkaku and 1."
Smile Japan Trip Daikokucho 603,,,大阪【南部地区】 – 显示在地图上,Smile Japan Trip Daikokucho 603 is situated in Osaka. The accommodation is 1.2 km from Tsutenkaku.
TOP 1 NIPPON BASHI / Vacation STAY 1057,,,"中央区, 大阪【道顿堀】 – 显示在地图上",Situated 1.1 km from Glico Man Sign and 1.
Apartment in Osaka 555205,,,"中央区, 大阪【南部地区】 – 显示在地图上","Situated 1.6 km from Shitennoji and 2 km from Namba CITY shopping mall, Apartment in Osaka 555205 is..."
TOP 1 NIPPON BASHI / Vacation STAY 922,,,"中央区, 大阪【道顿堀】 – 显示在地图上",TOP 1 NIPPON BASHI / Vacation STAY 922 is a property located in Osaka near Glico Man Sign.
TOP 1 NIPPON BASHI / Vacation STAY 1056,,,"中央区, 大阪【道顿堀】 – 显示在地图上","TOP 1 NIPPON BASHI / Vacation STAY 1056 is set in the Chuo Ward district of Osaka, 1."
TOP 1 NIPPON BASHI / Vacation STAY 1055,,,"中央区, 大阪【道顿堀】 – 显示在地图上","TOP 1 NIPPON BASHI / Vacation STAY 1055 offers accommodation in Osaka, 1."
TOP 1 NIPPON BASHI / Vacation STAY 1058,,,"中央区, 大阪【道顿堀】 – 显示在地图上","TOP 1 NIPPON BASHI / Vacation STAY 1058 enjoys a location in Osaka, just 1."
TOP 1 NIPPON BASHI / Vacation STAY 931,,,"中央区, 大阪【道顿堀】 – 显示在地图上",TOP 1 NIPPON BASHI / Vacation STAY 931 is situated in Osaka.
CC-606 Akizero Apartment in Shimanouchi,,,"中央区, 大阪【道顿堀】 – 显示在地图上","Situated less than 1 km from Glico Man Sign, CC-606 Akizero Apartment in Shimanouchi is located in..."
TOP 1 NIPPON BASHI / Vacation STAY 930,,,"中央区, 大阪【道顿堀】 – 显示在地图上","Situated 1.1 km from Glico Man Sign, 1.6 km from Namba CITY shopping mall and 2."
TOP 1 NIPPON BASHI / Vacation STAY 933,,,"中央区, 大阪【道顿堀】 – 显示在地图上",TOP 1 NIPPON BASHI / Vacation STAY 933 is a property set in Osaka near Glico Man Sign.
Apartment in Shimanouchi 301（岛之内301号公寓）,8.0,5条住客点评,"中央区, 大阪【南部地区】 – 显示在地图上",Apartment in Shimanouchi 301公寓位于大阪市（Osaka），距离格力高人形广告牌（Glico Man Sign）800米，距离难波城（Namba CITY）购物中心1.
CC-605 Akizero Apartment in Shimanouchi,,,"中央区, 大阪【道顿堀】 – 显示在地图上","Situated less than 1 km from Glico Man Sign in Osaka, CC-605 Akizero Apartment in Shimanouchi offers..."
Namba_Dotonbori_DOR0046B,,,"中央区, 大阪【南部地区】 – 显示在地图上","In the Chuo Ward district of Osaka, close to Namba CITY shopping mall, Namba_Dotonbori_DOR0046B..."
Sakura Apartment in Shimanouchi 3BR4,,,"中央区, 大阪【心斋桥】 – 显示在地图上","Sakura Apartment in Shimanouchi 3BR4 in Osaka offers accommodation with free WiFi, 1."
Richmond Hotel Namba Daikokucho（难波大国町里士满酒店）,8.5,825条住客点评,大阪【难波】 – 显示在地图上,Richmond Hotel Namba Daikokucho酒店于2013年12月开业，交通便利，距离大国町地铁站（Daikokucho Subway...
Sunrise House Apartment in Osaka KY401,,,"中央区, 大阪【南部地区】 – 显示在地图上","Situated in the Chuo Ward district of Osaka, just 1."
Granduz Caspercomoda 3F,,,大阪【难波】 – 显示在地图上,"Set in Osaka, 1.4 km from Namba CITY shopping mall and 1."
Granduz Caspercomoda 2F,,,大阪【难波】 – 显示在地图上,"Granduz Caspercomoda 2F is situated in Osaka, in the Shinsaibashi, Namba, Yotsubashi district."
Apartment in Osaka 1999,,,大阪【南部地区】 – 显示在地图上,"Situated in Osaka, within 800 metres of Namba CITY shopping mall, Apartment in Osaka 1999 offers..."
Apartment in Osaka 7668,,,"中央区, 大阪【南部地区】 – 显示在地图上","Set 1.4 km from Namba CITY shopping mall in Osaka, Apartment in Osaka 7668 offers accommodation with..."
Nest Hotel Osaka Shinsaibashi（大阪心斋桥NEST酒店）,7.7,"1,300条住客点评","中央区, 大阪【心斋桥】 – 显示在地图上",Nest Hotel Osaka Shinsaibashi酒店距离长堀桥地铁站（Nagahoribashi Subway...
spresso the north wide room,,,大阪【难波】 – 显示在地图上,"800 metres from Namba CITY shopping mall, spresso the north wide room is situated in the..."
IKIDANEHOUSE in Shimanouchi 202,,,"中央区, 大阪【心斋桥】 – 显示在地图上","Set in Osaka, 1.7 km from Glico Man Sign and 2."
IKIDANEHOUSE in Shimanouchi 404,,,"中央区, 大阪【心斋桥】 – 显示在地图上",IKIDANEHOUSE in Shimanouchi 404 is a property located in Osaka near Glico Man Sign.
IKIDANEHOUSE in Shimanouchi 303,,,"中央区, 大阪【心斋桥】 – 显示在地图上",Located 1.7 km from Glico Man Sign and 2.
Universal Room,,,大阪【难波】 – 显示在地图上,"Boasting city views, Universal Room features accommodation with a terrace, around less than 1 km..."
Apartment in Osaka 2030,,,大阪【南部地区】 – 显示在地图上,Apartment in Osaka 2030 is located in Osaka. This property offers access to a balcony.
AirSpace Namba Minami（难波南空间公寓）,7.7,22条住客点评,大阪【南部地区】 – 显示在地图上,AirSpace Namba Minami公寓位于大阪（Osaka），提供带免费WiFi和平板电视的住宿以及spa和康体中心。...
Apartment in Sennichimae 552859,,,"中央区, 大阪【难波】 – 显示在地图上","In the Chuo Ward district of Osaka, close to Glico Man Sign, Apartment in Sennichimae 552859 has..."
Apartment in Osaka 2039,,,大阪【南部地区】 – 显示在地图上,"Apartment in Osaka 2039 offers accommodation in Osaka, 800 metres from Namba CITY shopping mall and..."
エビスハウス,,,大阪【难波】 – 显示在地图上,"Situated less than 1 km from Namba CITY shopping mall in Osaka, エビスハウス offers accommodation with a..."
Oasis Daikou Three,,,大阪【南部地区】 – 显示在地图上,"1.3 km from Tsutenkaku, Oasis Daikou Three is situated in the Shinsaibashi, Namba, Yotsubashi..."
Apartment Namba NBR0011B,,,大阪【难波】 – 显示在地图上,"Set in Osaka in the Osaka Prefecture region, Apartment Namba NBR0011B features a balcony and city..."
Apartment in Osaka 0289,,,"中央区, 大阪【南部地区】 – 显示在地图上",Located 1.4 km from Namba CITY shopping mall and 1.
Shinsaibashi Cozy Apartment405,,,"中央区, 大阪【道顿堀】 – 显示在地图上","Located in Osaka, 400 metres from Glico Man Sign, less than 1 km from Namba CITY shopping mall and 3..."
Apartment in Osaka 9709,,,"中央区, 大阪【南部地区】 – 显示在地图上","Apartment in Osaka 9709 offers accommodation in Osaka, 1.4 km from Namba CITY shopping mall and 1."
Osaka Hotel Live Artex（莱弗阿泰克斯大阪酒店）,8.3,119条住客点评,大阪【南部地区】 – 显示在地图上,Osaka Hotel Live Artex酒店距离Tanimachi Kyu-Chome...
RELA Shimanouchi,,,"中央区, 大阪【南部地区】 – 显示在地图上","Situated in the Chuo Ward district of Osaka, just 1."
Apartment in Osaka 0284,,,"中央区, 大阪【南部地区】 – 显示在地图上","Boasting air-conditioned accommodation with a balcony, Apartment in Osaka 0284 is situated in Osaka."
日本桥民宿202 三人起接单！心斋桥 难波 道顿堀 日本桥 黑门市场 日式豪华公寓75平3房一厅,,,"中央区, 大阪【南部地区】 – 显示在地图上","1.4 km from Namba CITY shopping mall, 日本桥民宿202 三人起接单！心斋桥 难波 道顿堀 日本桥 黑门市场 日式豪华公寓75平3房一厅 is situated..."
HOTEL LANDMARK NAMBA302,,,大阪【难波】 – 显示在地图上,"Set in the Shinsaibashi, Namba, Yotsubashi district of Osaka, just 1."
Welina Hotel Shinsaibashi,,,"中央区, 大阪【道顿堀】 – 显示在地图上",Welina Hotel Shinsaibashi offers free WiFi and rooms with air conditioning in Osaka.
Apartment in Osaka 5287,,,"中央区, 大阪【南部地区】 – 显示在地图上","Situated in Osaka in the Osaka Prefecture region, Apartment in Osaka 5287 has a balcony."
Namba_Dotonbori_DOR0068B,,,"中央区, 大阪【南部地区】 – 显示在地图上","Boasting air-conditioned accommodation with a balcony, Namba_Dotonbori_DOR0068B is situated in..."
Hotel Ikutama Love (Adult Only)（伊库塔玛之爱情趣酒店（仅限成人））,7.8,142条住客点评,大阪【南部地区】 – 显示在地图上,Hotel Ikutama Love酒店是一家情趣酒店，位于大阪，距离通天（Shitennoji）1公里，仅限成人入住，提供免费内部停车场。...
Oasis Daikoku Two,,,大阪【南部地区】 – 显示在地图上,"Oasis Daikoku Two offers accommodation in Osaka, 1.3 km from Tsutenkaku."
Granduz Caspercomoda 1F,,,大阪【难波】 – 显示在地图上,Just 1 km from Namba CITY shopping mall and 1.
Hotel Awina Osaka（阿文纳大阪酒店）,7.7,251条住客点评,大阪【南部地区】 – 显示在地图上,Hotel Awina Osaka酒店提供带免费有线网络和平面电视的住宿，距离大阪上本町火车站（Osaka Uehonmachi Train Station）有5分钟的步行路程。...
Hills 1 (Adult Only)（小山1号情趣酒店（仅限成人））,7.2,41条住客点评,大阪【南部地区】 – 显示在地图上,Hills 1（Adult Only）情趣酒店位于大阪（Osaka），距离四天王寺（Shitennoji）1.9公里，距离难波城（Namba CITY）购物中心2.
Shiyo house (139-1),,,"中央区, 大阪【南部地区】 – 显示在地图上",Situated 1.1 km from Glico Man Sign and 1.
Grandouce Namba-Nishi Ⅱ,,,大阪【南部地区】 – 显示在地图上,"Located in Osaka in the Osaka Prefecture region, with Tsutenkaku and Shinsekai nearby, Grandouce..."
Namba_Dotonbori_DOR0069B,,,"中央区, 大阪【南部地区】 – 显示在地图上","Located in Osaka, just 1.5 km from Glico Man Sign, Namba_Dotonbori_DOR0069B features accommodation..."
Yoshino Ryokan（吉野旅馆）,6.9,30条住客点评,大阪【南部地区】 – 显示在地图上,Yoshino Ryokan日式旅馆位于大阪（Osaka），提供免费WiFi，距离四天王寺（Shitennoji）1.2公里，距离阿部野桥车站大楼（Abeno Harukas）1.
Ogu's River side room（奥格斯河滨客房公寓）,8.6,31条住客点评,"中央区, 大阪【道顿堀】 – 显示在地图上",Ogu's River side room公寓位于大阪（Osaka），距离Glico Man Sign广告牌300米。Ogu's River side...
Namba Little Chapel (Adult Only)（纳姆巴小礼拜堂情趣酒店）,6.5,61条住客点评,大阪【难波】 – 显示在地图上,仅为成人设计的Namba Little Chapel情趣酒店距离JR难波站（JR Namba Station）有5分钟步行路程。所有客房均提供免费有线互联网连接、spa浴缸和卡拉OK设施。...
Hotel Zen (Adult Only)（禅宗酒店（仅限成人））,8.8,52条住客点评,大阪【南部地区】 – 显示在地图上,Hotel Zen情趣酒店位于大阪，仅适合成人入住，距离四天王寺（Shitennoji）有900米，距离难波CITY购物中心（Namba CITY）有1.
Hotel Atlantis (Adult Only)（亚特兰蒂斯情趣酒店（仅限成人））,7.2,26条住客点评,大阪【南部地区】 – 显示在地图上,"Hotel Atlantis (Adult Only)酒店位于大阪市（Osaka）的Uehommachi, Tennoji, Southern..."
Park Side inn Nipponbashi（日本桥公园旁宾馆）,,,大阪【南部地区】 – 显示在地图上,Park Side inn Nipponbashi宾馆位于大阪（Osaka），距离难波城（Namba CITY）购物中心700米，提供覆盖各处的免费WiFi。...
Hotel Fine Aroma Dotonbori (Adult Only),8.5,10条住客点评,"中央区, 大阪【道顿堀】 – 显示在地图上",Fine Aroma Dotonbori (Adult Only)情趣酒店距离热闹的Dotonbori区有1分钟的步行路程，距离Nipponbashi Subway...
Apartment in Shimanouchi 403（岛之内403公寓）,8.4,5条住客点评,"中央区, 大阪【南部地区】 – 显示在地图上",Apartment in Shimanouchi 403公寓位于大阪（Osaka），距离格力高广告牌（Glico Man Sign）800米，距离难波城（Namba CITY）购物中心1.
S1 Apartment in Nipponbashi（日本桥S1公寓）,,,"中央区, 大阪【南部地区】 – 显示在地图上",S1 Apartment in Nipponbashi公寓位于大阪（Osaka）的中央区（Chuo Ward），距离难波城（Namba...
Osaka Hitomi House No2（大阪瞳之家2号公寓）,6.8,38条住客点评,"中央区, 大阪【南部地区】 – 显示在地图上",Osaka Hitomi House No2公寓位于大阪（Osaka）的中央区（Chuo Ward district），提供带露台和免费WiFi的设备齐全的公寓，距离格力高人形标志（Glico Man...
Foga Inn（福加旅馆）,5.0,18条住客点评,"中央区, 大阪【心斋桥】 – 显示在地图上",Foga Inn旅馆位于大阪（Osaka），提供免费WiFi，距离格力高人形广告牌（Glico Man Sign）和难波城（Namba CITY）购物中心等景点仅有很短的路程，距离Billboard...
T1 Apartment in Nipponbashi,,,"中央区, 大阪【南部地区】 – 显示在地图上",T1 Apartment in Nipponbashi公寓位于大阪（Osaka），距离Namba CITY购物中心500米，提供免费WiFi。 公寓设有一间厨房。 公寓距离格力高广告牌（Glico...
Hotel Osaka Keiko（大阪凯科酒店）,6.2,29条住客点评,"中央区, 大阪【南部地区】 – 显示在地图上",Hotel Osaka Keiko酒店提供经过翻修的简约客房，距离Nipponbashi Subway...
